Field1,title,rating,reviews_number,Brand,Model,Screen_size,Color,Refresh_rate,Weight,Dimensions,Date,ASIN
"Dell UP3218K Ultra sharp 32"" 8K Monitor, Silver/Black  3.2 out of 5 stars 17  $3,999.99$3,999.99  Only 1 left in stock - order soon. Climate Pledge FriendlySee 1 certificationClimate Pledge Friendly uses sustainability certifications to highlight products that support our commitment to help preserve the natural world. Time is fleeting. Learn more PRODUCT CERTIFICATION (1)<img alt="""" src=""https://m.media-amazon.com/images/I/21OXy0oJ8VL._SS160_.png"" height=""40px"" width=""40px""/> EPEAT","Dell UP3218K Ultra sharp 32"" 8K Monitor, Silver/Black",3.2 out of 5 stars,17,Dell,ýUP3218K,ý31.5 Inches,ýSilver/Black,60 Hz,ý24 pounds,ý8.74 x 28.37 x 19.62 inches,"ýNovember 24, 2017",ýB0727ZQ21F
"ViewSonic IFP8650 86"" 2160p 4K 20-Point Touch, VGA, Display-Port, HDMI
3.9 out of 5 stars
 2
$5,959.03
$5,959
.
03","ViewSonic IFP8650 86"" 2160p 4K 20-Point Touch, VGA, Display-Port, HDMI",3.9 out of 5 stars,2,ViewSonic,ýIFP8650,ý86 Inches,ý3.9 x 78.3 x 46.7 inches,Personal,ýIFP8650,ý172 pounds,ýB06Y5MMHXB,ýWomens
"Apple 32-inch Pro Display XDR with Retina 6K Display - Nano-Texture Glass
4.5 out of 5 stars
 20
$5,849.95
$5,849
.
95",Apple 32-inch Pro Display XDR with Retina 6K Display - Nano-Texture Glass,4.5 out of 5 stars,20,Apple,,,,60,,,,
"Eizo ColorEdge CG319X 31.1&quot; Wide Screen Hardware Calibration IPS LED 4K Monitor, 4096x2160
5.0 out of 5 stars
 1
$5,739.00
$5,739
.
00
Ships to Egypt
Only 5 left in stock - order soon.","Eizo ColorEdge CG319X 31.1&quot; Wide Screen Hardware Calibration IPS LED 4K Monitor, 4096x2160",5.0 out of 5 stars,1,Eizo,ýCG319X-4K,ý31.1 Inches,ý1,Video Editing,ý27.3 pounds,ý28.94 x 2.81 x 16.65 inches,,ýNo
EZ320A8ABA - HP LP3065 LCD Monitor 30 - 2560 x 1600 @ 60 Hz - 16:10 - 12 ms  3.2 out of 5 stars 11,EZ320A8ABA - HP LP3065 LCD Monitor 30 - 2560 x 1600 @ 60 Hz - 16:10 - 12 ms,3.2 out of 5 stars,11,60 Hz,ýEZ320A8,ý30 Inches,ýhp,Personal,ý39.6 pounds,ý30.75 x 22.12 x 14.25 inches,,ýNo
SPECO SPC-G86TG2X2 / 2039;x2039; G86 Ceiling Tile Speaker - 8&rdquo; speaker  5.0 out of 5 stars 1,SPECO SPC-G86TG2X2 / 2039;x2039; G86 Ceiling Tile Speaker - 8&rdquo; speaker,5.0 out of 5 stars,1,,,,,,,,,
"ASUS ProArt Display PA32UCX-PK 32” 4K HDR Mini LED Monitor, 99% DCI-P3 99.5% Adobe RGB, DeltaE<1, 10-bit, IPS, Thunderbolt 3 USB-C HDMI DP, Calman Ready, Dolby Vision, 1200nits, w/X-rite Calibrator
3.8 out of 5 stars
 93
$4,297.99
$4,297
.
99
Ships to Egypt
Only 1 left in stock - order soon.","ASUS ProArt Display PA32UCX-PK 32” 4K HDR Mini LED Monitor, 99% DCI-P3 99.5% Adobe RGB, DeltaE<1, 10-bit, IPS, Thunderbolt 3 USB-C HDMI DP, Calman Ready, Dolby Vision, 1200nits, w/X-rite Calibrator",3.8 out of 5 stars,93,60 Hz,ýPA32UCX-PK,ý32 Inches,ý28.62 x 18.5 x 9.45 inches,"Personal, Gaming, Business",ýPA32UCX-PK,ý32.3 pounds,,ýB088MKPYD4
"ASUS ProArt PQ22UC 21.6"" 4K (3840 x 2160) HDR OLED Ultra-Slim Portable Monitor Delta E<2 0.1ms USB Type-C Micro HDMI Dolby Vision HDR10 HLG
4.7 out of 5 stars
 910
$4,187.32
$4,187
.
32
Get it Wed, Jan 12 - Wed, Jan 26
Only 4 left in stock - order soon.","ASUS ProArt PQ22UC 21.6"" 4K (3840 x 2160) HDR OLED Ultra-Slim Portable Monitor Delta E<2 0.1ms USB Type-C Micro HDMI Dolby Vision HDR10 HLG",4.7 out of 5 stars,910,61 Hz,ýPQ22UC,ý21.6,ý20.11 x 12.36 x 0.33 inches,"Multimedia, Personal, Business",ýPQ22UC,ý0.31 ounces,"ýSeptember 12, 2019",ýB07XTZ45T2
"Dell Ultrasharp 32 HDR Premier Color Monitor (UP3221Q), Ultra HD 4K, 3840 x 2160p at 60Hz, 140ppi, 16:9 Aspect Ratio, 1.07 Billion Colors, Calman Ready Powered, Platinum Silver (Latest Model)
3.0 out of 5 stars
 1
$3,899.00
$3,899
.
00
Only 5 left in stock - order soon.
More Buying Choices
$2,777.77(6 used & new offers)","Dell Ultrasharp 32 HDR Premier Color Monitor (UP3221Q), Ultra HD 4K, 3840 x 2160p at 60Hz, 140ppi, 16:9 Aspect Ratio, 1.07 Billion Colors, Calman Ready Powered, Platinum Silver (Latest Model)",3.0 out of 5 stars,1,60,ýDell Ultrasharp 32 HDR Premier Color Monitor - UP3221Q,ý31.5 Inches,ý28 x 9.8 x 24.5 inches,"Multimedia, Personal, Business",ý3XXVK,ý38.1 pounds,"ýNovember 24, 2020",ýDell Computers
"ASUS ROG Swift 32” 4K HDR 144Hz DSC Gaming Monitor (PG32UQX) - UHD (3840 x 2160), Mini-LED IPS, G-SYNC Ultimate, Local dimming, Quantum Dot technology, DisplayHDR 1400, Eye Care, DisplayPort, HDMI
4.1 out of 5 stars
 824
$2,899.99
$2,899
.
99
Ships to Egypt
More Buying Choices
$2,299.99(16 used & new offers)","ASUS ROG Swift 32” 4K HDR 144Hz DSC Gaming Monitor (PG32UQX) - UHD (3840 x 2160), Mini-LED IPS, G-SYNC Ultimate, Local dimming, Quantum Dot technology, DisplayHDR 1400, Eye Care, DisplayPort, HDMI",4.1 out of 5 stars,824,144 Hz,ýPG32UQX,ý32 Inches,ýBLACK,"Personal, Gaming, Business",ý24 pounds,ý28.62 x 19.84 x 12.05 inches,,ýChina
"Viewsonic - IFP6550-E1 - Viewsonic IFP6550-E1-65 ViewBoard 4K Ultra HD Interactive Flat Panel Bundle - 65 LCD - ARM Cortex A53 1.20 GHz - 2 GB - Infrared (IrDA) - Touchscreen - 16:9 Aspect Ratio -
5.0 out of 5 stars
 1
$2,716.95
$2,716
.
95",Viewsonic - IFP6550-E1 - Viewsonic IFP6550-E1-65 ViewBoard 4K Ultra HD Interactive Flat Panel Bundle - 65 LCD - ARM Cortex A53 1.20 GHz - 2 GB - Infrared (IrDA) - Touchscreen - 16:9 Aspect Ratio -,5.0 out of 5 stars,1,ViewSonic,ýIFP6550-E1,ý65,ýViewSonic,60,ý147.9 pounds,ý60 x 36 x 4 inches,,
"Samsung Flip 2 LH55WMRWBGCXZA 55"" WM55R Digital Flipchart for Business with Stand for 55 FLIP WM55R and
5.0 out of 5 stars
 1
$2,568.99
$2,568
.
99
Only 4 left in stock - order soon.","Samsung Flip 2 LH55WMRWBGCXZA 55"" WM55R Digital Flipchart for Business with Stand for 55 FLIP WM55R and",5.0 out of 5 stars,1,55 Inches,ýB07Z6XC1CD,ý55 Inches,,Samsung Business,ýVietnam,"ýOctober 16, 2019",,
"Acer Predator X35 bmiphzx 1800R Curved 35"" UltraWide QHD Gaming Monitor with NVIDIA G-SYNC Ultimate, Quantum Dot, 200Hz, VESA Certified DisplayHDR 1000, (Display Port & HDMI Port),Black
4.2 out of 5 stars
 81
$2,499.99
$2,499
.
99
Ships to Egypt","Acer Predator X35 bmiphzx 1800R Curved 35"" UltraWide QHD Gaming Monitor with NVIDIA G-SYNC Ultimate, Quantum Dot, 200Hz, VESA Certified DisplayHDR 1000, (Display Port & HDMI Port),Black",4.2 out of 5 stars,81,200 Hz,ýX35 bmiphzx,ý35 Inches,ý32.79 x 12.16 x 22.85 inches,"Multimedia, Personal, Gaming",ýX35 bmiphzx,ý24 pounds,"ýJuly 22, 2019",ýB07V8KVK8H
"Polyboard Ultra slim IR IFPD, 75inches touch screen monitor interactive whiteboard Flat Panel Display [OPS Included - CPU: i7/ RAM :4GB /SSD :128GB] [Windows, O/S] [Software(Polyboard Plus, Easy Pen)]  3.0 out of 5 stars 2","Polyboard Ultra slim IR IFPD, 75inches touch screen monitor interactive whiteboard Flat Panel Display [OPS Included - CPU: i7/ RAM :4GB /SSD :128GB] [Windows, O/S] [Software(Polyboard Plus, Easy Pen)]",3.0 out of 5 stars,2,Polyboard,,,,"Education, Business",,,,
"LG 34WK95U-W 34&quot;UltraWide 5K Nano IPS LED Monitor with Built-In Speakers, 5120x2160  3.9 out of 5 stars 91","LG 34WK95U-W 34&quot;UltraWide 5K Nano IPS LED Monitor with Built-In Speakers, 5120x2160",3.9 out of 5 stars,91,LG,,,,60 Hz,,,,
"Samsung C49HG90DMU 124.2 cm (48.9"") Quantum Dot LED LCD Monitor - 32:9-1 ms - 3840 x 1080  4.4 out of 5 stars 1,241","Samsung C49HG90DMU 124.2 cm (48.9"") Quantum Dot LED LCD Monitor - 32:9-1 ms - 3840 x 1080",4.4 out of 5 stars,"1,241",49 Inches,ýLC49HG90DMUXEN,ý49 Inches,ýSamsung,SAMSUNG,ý4.4 pounds,ý47.36 x 20.69 x 15.02 inches,,"ýOctober 6, 2017"
"Samsung Flip 2 WM65R 65 Inch Digital Flipchart for Business 4K UHD 3840x2160 with Touch Screen, Wi-Fi, HDMI, USB (LH65WMRWBGCXZA)  4.0 out of 5 stars 31","Samsung Flip 2 WM65R 65 Inch Digital Flipchart for Business 4K UHD 3840x2160 with Touch Screen, Wi-Fi, HDMI, USB (LH65WMRWBGCXZA)",4.0 out of 5 stars,31,"USB, HDMI",ýWM65R,ý65 Inches,ý59.9 x 2.5 x 35.3 inches,65 Inches,ýWM65R,ý24.3 pounds,,ýB07WXZDCC9
"DELL UltraSharp U3219Q LED Display 80 cm (31.5"") 3840 x 2160 Pixel 4K Ultra HD Opaco Nero, Argento  4.6 out of 5 stars 170","DELL UltraSharp U3219Q LED Display 80 cm (31.5"") 3840 x 2160 Pixel 4K Ultra HD Opaco Nero, Argento",4.6 out of 5 stars,170,Dell,,,,60 Hz,,,,
"Elo E000444 4243L 42'' 1080p Full HD LED-Backlit LCD Touchscreen Monitor, Black
4.3 out of 5 stars
 5
$2,324.47
$2,324
.
47
Get it Wed, Jan 19 - Thu, Jan 27
More Buying Choices
$2,029.11(3 new offers)","Elo E000444 4243L 42'' 1080p Full HD LED-Backlit LCD Touchscreen Monitor, Black",4.3 out of 5 stars,5,4 Hz,,,,Personal,,,,
"SAMSUNG 49"" Odyssey Neo G9 G95NA Gaming Monitor, 4K UHD Mini LED Display, Curved Screen, 240Hz, 1ms, G-Sync and FreeSync Premium Pro, LS49AG952NNXZA, White
4.4 out of 5 stars
 3,981
$2,154.41
$2,154
.
41 
$2,499.99
$2,499.99
Only 1 left in stock - order soon.","SAMSUNG 49"" Odyssey Neo G9 G95NA Gaming Monitor, 4K UHD Mini LED Display, Curved Screen, 240Hz, 1ms, G-Sync and FreeSync Premium Pro, LS49AG952NNXZA, White",4.4 out of 5 stars,"3,981",SAMSUNG,ýG95,ý49 Inches,ý16.5 x 45.3 x 21.1 inches,240 Hz,ýLS49AG952NNXZA,ý32 pounds,,ýB096YNP6ZR
"Monitor 27"" LED 90LM02N0-B01370 2560 x 1440 Tempo di Risposta 1 ms
4.3 out of 5 stars
 49
$1,218.00
$1,218
.
00","Monitor 27"" LED 90LM02N0-B01370 2560 x 1440 Tempo di Risposta 1 ms",4.3 out of 5 stars,49,27 Inches,,,,ASUS,,,,
"Fujitsu Display P27T-6 IPS 350CD/QM 178/178 6MS 20000:1, S26361-K1372-V140 (350CD/QM 178/178 6MS 20000:1)
3.3 out of 5 stars
 7
$2,080.00
$2,080
.
00
Get it Mon, Jan 24 - Wed, Feb 9","Fujitsu Display P27T-6 IPS 350CD/QM 178/178 6MS 20000:1, S26361-K1372-V140 (350CD/QM 178/178 6MS 20000:1)",3.3 out of 5 stars,7,27 Inches,,,,Fujitsu,,,,
LG Electronics N/A M3704CCBA 37-Inch Screen LCD Monitor  3.9 out of 5 stars 2,LG Electronics N/A M3704CCBA 37-Inch Screen LCD Monitor,3.9 out of 5 stars,2,60 Hz,,,,Personal,,,,
"BenQ SW321C 32” 4K IPS Photo & Video Editing Monitor w/AQCOLOR tech 99% AdobeRGB, 100% sRGB/Rec.709, 95% DCI-P3/Display P3, Hardware Calibration, Paper Color Sync, Uniformity tech, HDR, USB-C w/PD
4.0 out of 5 stars
 25
$1,999.00
$1,999
.
00
Ships to Egypt
Only 14 left in stock - order soon.","BenQ SW321C 32” 4K IPS Photo & Video Editing Monitor w/AQCOLOR tech 99% AdobeRGB, 100% sRGB/Rec.709, 95% DCI-P3/Display P3, Hardware Calibration, Paper Color Sync, Uniformity tech, HDR, USB-C w/PD",4.0 out of 5 stars,25,60 Hz,ýSW321C,ý32 Inches,ýBlack,"Video Editing, Photo Editing",ý26 pounds,ý32 x 20 x 4 inches,,ýChina
"HP Z4W65A8#ABA Z38c LED-Backlit LCD Monitor Curved 37.5"" Black (Renewed)  5.0 out of 5 stars 1","HP Z4W65A8#ABA Z38c LED-Backlit LCD Monitor Curved 37.5"" Black (Renewed)",5.0 out of 5 stars,1,37.5 Inches,,,,HP,,,,
"Acer Predator X38 Sbmiiphzx 38"" 2300R Curved UWQHD+ 3840 x 1600 IPS Gaming Monitor | NVIDIA G-SYNC Ultimate | NVIDIA Reflex Latency | Up to 175Hz | Up to 0.3ms | DCI-P3 98% | DP & 2 x HDMI 2.0
5.0 out of 5 stars
 1
$1,996.93
$1,996
.
93
Ships to Egypt
Only 10 left in stock (more on the way).","Acer Predator X38 Sbmiiphzx 38"" 2300R Curved UWQHD+ 3840 x 1600 IPS Gaming Monitor | NVIDIA G-SYNC Ultimate | NVIDIA Reflex Latency | Up to 175Hz | Up to 0.3ms | DCI-P3 98% | DP & 2 x HDMI 2.0",5.0 out of 5 stars,1,175 Hz,ýX38 Sbmiiphzx,ý37.5 Inches,ý35.3 x 12.16 x 21.5 inches,"Video Editing, Photo Editing, Gaming",ýUM.TX0AA.S01,ý34 pounds,"ýOctober 24, 2021",ýB09JCM5T3H
Dell UltraSharp 34inch Curved 90W USB-C Hub RJ45 Monitor [U3421WE]  4.6 out of 5 stars 6,Dell UltraSharp 34inch Curved 90W USB-C Hub RJ45 Monitor [U3421WE],4.6 out of 5 stars,6,85 Hz,,,,"Multimedia, Personal, Business",,,,
"ASUS ROG Swift PG43UQ 43” 4K HDR DSC Gaming Monitor, (3840 x 2160), 144Hz, G-SYNC Compatible, 1ms, Eye Care, DisplayHDR 1000, DisplayPort HDMI USB, Aura Sync  4.3 out of 5 stars 467","ASUS ROG Swift PG43UQ 43” 4K HDR DSC Gaming Monitor, (3840 x 2160), 144Hz, G-SYNC Compatible, 1ms, Eye Care, DisplayHDR 1000, DisplayPort HDMI USB, Aura Sync",4.3 out of 5 stars,467,144 Hz,ýPG43UQ,ý43 Inches,ý38.37 x 24.85 x 9.54 inches,"Multimedia, Personal, Gaming",ýPG43UQ,ý50 pounds,"ýJanuary 31, 2020",ýAsus
"AORUS FO48U 48"" 4K OLED Gaming Monitor, 3840x2160 Display, 120 Hz Refresh Rate, 1ms Response Time (GTG), 1x Display Port 1.4, 2X HDMI 2.1, 2X USB 3.0, with USB Type-C, Space Audio  4.4 out of 5 stars 672","AORUS FO48U 48"" 4K OLED Gaming Monitor, 3840x2160 Display, 120 Hz Refresh Rate, 1ms Response Time (GTG), 1x Display Port 1.4, 2X HDMI 2.1, 2X USB 3.0, with USB Type-C, Space Audio",4.4 out of 5 stars,672,Gigabyte,ýAORUS FO48U-SA,ý48 Inches,ýBLACK,120 Hz,ý45 pounds,ý42.07 x 26.58 x 9.89 inches,,"ýJune 23, 2021"
"Raritan PST12EX Purasan EX Treatment System - Pressurized Fresh Water - 12V
5.0 out of 5 stars
 2
$1,929.10
$1,929
.
10
Get it Thu, Jan 6 - Mon, Jan 24
Only 4 left in stock - order soon.",Raritan PST12EX Purasan EX Treatment System - Pressurized Fresh Water - 12V,5.0 out of 5 stars,2,Raritan,,,,Personal,,,,
"iiyama LE5540UHS-B1 54.6"" LED 4K Ultra HD Black Signage Display
4.0 out of 5 stars
 13
$1,226.00
$1,226
.
00","iiyama LE5540UHS-B1 54.6"" LED 4K Ultra HD Black Signage Display",4.0 out of 5 stars,13,54.6 Inches,,,,Iiyama,,,,
"Dell UltraSharp U4919DW 49 inch Dual QHD Curved Monitor - 8ms Response Time, 2X HDMI, 1x DP, 5X USB Downstream, 2X USB Upstream 3.0, 1 x USB Type-C  4.4 out of 5 stars 188  $1,860.65$1,860.65  Get it Wed, Jan 5 - Tue, Jan 11More Buying Choices$1,384.96(6 new offers)  Climate Pledge FriendlySee 1 certificationClimate Pledge Friendly uses sustainability certifications to highlight products that support our commitment to help preserve the natural world. Time is fleeting. Learn more PRODUCT CERTIFICATION (1)<img alt="""" src=""https://m.media-amazon.com/images/I/21OXy0oJ8VL._SS160_.png"" height=""40px"" width=""40px""/> EPEAT","Dell UltraSharp U4919DW 49 inch Dual QHD Curved Monitor - 8ms Response Time, 2X HDMI, 1x DP, 5X USB Downstream, 2X USB Upstream 3.0, 1 x USB Type-C",4.4 out of 5 stars,188,60 Hz,ýU4919DW,ý49 Inches,ýBlack,"Business, personal",ý37.9 pounds,ý47.84 x 9.94 x 18.06 inches,,ýNo
"Elo 1537L Open-Frame Touchscreen LCD Monitor - 15-Inch - Surface Acoustic Wave - 1024 x 768 - 4:3 - Steel, Black  5.0 out of 5 stars 6","Elo 1537L Open-Frame Touchscreen LCD Monitor - 15-Inch - Surface Acoustic Wave - 1024 x 768 - 4:3 - Steel, Black",5.0 out of 5 stars,6,75 Hz,ýE512043,ý15 Inches,ýSteel,Personal,ý6.61 pounds,ý1.61 x 13.23 x 10.39 inches,ýB0039XUUAA,ýElo
"Elo 1739L Open-Frame Touchscreen LCD Monitor - 17-Inch - 5-wire Resistive - 1280 x 1024 - 5:4 - Steel, Black  4.1 out of 5 stars 10","Elo 1739L Open-Frame Touchscreen LCD Monitor - 17-Inch - 5-wire Resistive - 1280 x 1024 - 5:4 - Steel, Black",4.1 out of 5 stars,10,ELO,ýE607940,ý17 Inches,ýSteel,Personal,ý8.8 pounds,ý1.93 x 14.49 x 12.05 inches,ýYes,ýEnglish
"AOC AGON Curved Gaming Monitor 49"" (AG493UCX), Dual QHD 5120x1440 @ 120Hz, VA Panel, 1ms 120Hz Adaptive-Sync, 121% sRGB, Height Adjustable, 4-Yr Zero Dead Pixels Manufacturer Guarantee  4.1 out of 5 stars 460","AOC AGON Curved Gaming Monitor 49"" (AG493UCX), Dual QHD 5120x1440 @ 120Hz, VA Panel, 1ms 120Hz Adaptive-Sync, 121% sRGB, Height Adjustable, 4-Yr Zero Dead Pixels Manufacturer Guarantee",4.1 out of 5 stars,460,120 Hz,ýAGON,ý49,ý18.4 x 47.02 x 12.13 inches,"Multimedia, Personal, Gaming",ýAG493UCX,ý47.7 pounds,,ýB07ZSGR4CH
"TDS Touch 4302D, Interactive Digital Signage,Touchscreen LED Backlight LCD Monitor, 43-inch, Wide 1920X1080 FHD 16:9, 10-Touch Pcap,USB Interface, Explosion and dust-Proof Glass, Flat Panel  5.0 out of 5 stars 1","TDS Touch 4302D, Interactive Digital Signage,Touchscreen LED Backlight LCD Monitor, 43-inch, Wide 1920X1080 FHD 16:9, 10-Touch Pcap,USB Interface, Explosion and dust-Proof Glass, Flat Panel",5.0 out of 5 stars,1,43 Inches,,,,TDS,,,,
Samsung HLT4675S 46-Inch Slim 720p DLP HDTV  3.0 out of 5 stars 27,Samsung HLT4675S 46-Inch Slim 720p DLP HDTV,3.0 out of 5 stars,27,HDMI,,,,46 Inches,,,,
"SAMSUNG 49-inch Odyssey G9 - QHD, 240hz, 1000R Curved Gaming Monitor, 1ms, NVIDIA G-SYNC & FreeSync, QLED (LC49G95TSSNXZA) (Renewed)  4.1 out of 5 stars 29","SAMSUNG 49-inch Odyssey G9 - QHD, 240hz, 1000R Curved Gaming Monitor, 1ms, NVIDIA G-SYNC & FreeSync, QLED (LC49G95TSSNXZA) (Renewed)",4.1 out of 5 stars,29,SAMSUNG,,,,240 Hz,,,,
"Evoko ERM2001 LISO Space Booking System Digital Door Sign, White
2.4 out of 5 stars
 3
$1,742.05
$1,742
.
05
Ships to Egypt
Only 1 left in stock (more on the way).
More Buying Choices
$1,649.00(4 new offers)","Evoko ERM2001 LISO Space Booking System Digital Door Sign, White",2.4 out of 5 stars,3,White,ýLiso,ý8 Inches,ý7.87 x 0.98 x 7.87 inches,Evoko,ýERM2001,ý2.86 pounds,ýNo,ýEvoko
"Newmar Batt Chgr, Phase 3, 24V 45A, 3 Bank
5.0 out of 5 stars
 1
$1,705.54
$1,705
.
54
Get it Thu, Jan 20 - Wed, Feb 9
More Buying Choices
$1,623.74(2 new offers)","Newmar Batt Chgr, Phase 3, 24V 45A, 3 Bank",5.0 out of 5 stars,1,12 x 10 x 6 inches,,ýNewmar,,Newmar,,,,
Dell UltraSharp UP2720Q 27&quot; 16:9 4K PremierColor IPS LED Monitor  5.0 out of 5 stars 2,Dell UltraSharp UP2720Q 27&quot; 16:9 4K PremierColor IPS LED Monitor,5.0 out of 5 stars,2,Dell,,,,60 Hz,,,,
"Elo Touch Systems 2242L 22"" Open-frame LCD Touchscreen Monitor - 16:10 - 5 ms E667969
5.0 out of 5 stars
 1
$1,698.00
$1,698
.
00
Get it Mon, Jan 3 - Wed, Jan 12
Only 3 left in stock - order soon.","Elo Touch Systems 2242L 22"" Open-frame LCD Touchscreen Monitor - 16:10 - 5 ms E667969",5.0 out of 5 stars,1,"Elo Touch Solutions, Inc",,,,Gaming,,,,
"LG 32UL950-W 32"" Class Ultrafine 4K UHD LED Monitor with Thunderbolt 3 Connectivity Silver (31.5"" Display)  4.4 out of 5 stars 643","LG 32UL950-W 32"" Class Ultrafine 4K UHD LED Monitor with Thunderbolt 3 Connectivity Silver (31.5"" Display)",4.4 out of 5 stars,643,60 Hz,ý32UL950-W,ý32 Inches,ýSILVER,"Personal, gaming, business",ý16.1 pounds,ý9.1 x 28.3 x 23.5 inches,,ýNo
"Elo E738607 1523L 15'' LED-Backlit LCD Monitor, Black  5.0 out of 5 stars 1","Elo E738607 1523L 15'' LED-Backlit LCD Monitor, Black",5.0 out of 5 stars,1,75 Hz,,,,Personal,,,,
"BenQ SW271C 27” 4K Photo & Video Editing Monitor | 4K UHD | IPS | 99% Adobe RGB, 100% sRGB/Rec. 709, 90% DCI-P3/Display P3 | AQCOLOR Tech | Hardware Calibration |10 bit color depth | HDR10/HLG | USB-C
5.0 out of 5 stars
 7
$1,599.99
$1,599
.
99
Ships to Egypt
Only 13 left in stock (more on the way).
More Buying Choices
$1,383.67(7 used & new offers)","BenQ SW271C 27” 4K Photo & Video Editing Monitor | 4K UHD | IPS | 99% Adobe RGB, 100% sRGB/Rec. 709, 90% DCI-P3/Display P3 | AQCOLOR Tech | Hardware Calibration |10 bit color depth | HDR10/HLG | USB-C",5.0 out of 5 stars,7,BenQ,ýSW271C,ý27,ý27.5 x 24 x 7 inches,60,ýSW271C,ý27.1 pounds,"ýMarch 16, 2021",ýB0911822LZ
"LG 38GL950G-B 38 Inch UltraGear Nano IPS 1ms Curved Gaming Monitor with 144HZ Refresh Rate and NVIDIA G-SYNC, Black  4.3 out of 5 stars 253","LG 38GL950G-B 38 Inch UltraGear Nano IPS 1ms Curved Gaming Monitor with 144HZ Refresh Rate and NVIDIA G-SYNC, Black",4.3 out of 5 stars,253,144 Hz,ý38GK950G-B,ý38 Inches,ý35.3 x 11.3 x 17.4 inches,"Personal, Gaming",ý38GL950G-B,ý22.1 pounds,"ýOctober 29, 2019",ýLG
"ViewSonic VG2765 27 Inch IPS WQHD 1440p Ergonomic Monitor with HDMI DisplayPort and Mini DisplayPort for Home and Office,Black  4.2 out of 5 stars 45","ViewSonic VG2765 27 Inch IPS WQHD 1440p Ergonomic Monitor with HDMI DisplayPort and Mini DisplayPort for Home and Office,Black",4.2 out of 5 stars,45,60 Hz,ýVG2765,ý27 Inches,ý9.19 x 24.06 x 21.26 inches,Personal,ýVG2765,ý15.84 pounds,ýNo,ýViewSonic
"Acer Predator CG437K Pbmiiippuzx 43"" 4K UHD, 120Hz(144Hz Overclock), 1ms VRB, G-Sync Compatible Gaming Monitor with VESA Certified DisplayHDR 1000 (2x DisplayPort, 3x HDMI Port & 1 USB Type-C Port)  4.0 out of 5 stars 113","Acer Predator CG437K Pbmiiippuzx 43"" 4K UHD, 120Hz(144Hz Overclock), 1ms VRB, G-Sync Compatible Gaming Monitor with VESA Certified DisplayHDR 1000 (2x DisplayPort, 3x HDMI Port & 1 USB Type-C Port)",4.0 out of 5 stars,113,144 Hz,ýCG437K Pbmiiippuzx,ý43 Inches,ý38.53 x 10.41 x 26.46 inches,"Multimedia, Gaming, Business",ýCG437K Pbmiiippuzx,ý52 pounds,"ýNovember 7, 2019",ýAcer
"Samsung Business SH850 Series 27 inch QHD 2560x1440 Desktop Monitor for Business (in Black) with USB-C, HDMI, DisplayPort, 3-Year Warranty , TAA (S27H850QFN)  4.3 out of 5 stars 260  Also available in White","Samsung Business SH850 Series 27 inch QHD 2560x1440 Desktop Monitor for Business (in Black) with USB-C, HDMI, DisplayPort, 3-Year Warranty , TAA (S27H850QFN)",4.3 out of 5 stars,260,60 Hz,ýS27H850QFN,ý23.5 Inches,ý24.1 x 9.3 x 21.4 inches,"Multimedia, Personal, Business",ýLS27H850QFNXGO,ý22.5 pounds,"ýApril 21, 2017",ýB071Y6PHY3
FUJITSU Monitor 24'' B24W-6 TFT 1920x120  4.0 out of 5 stars 1,FUJITSU Monitor 24'' B24W-6 TFT 1920x120,4.0 out of 5 stars,1,24 Inches,,,,Fujitsu,,,,
HP Z Display Z32 31.5 inch 4K UHD (3840 x 2160) WLED LCD Black Pearl (Renewed)  1.0 out of 5 stars 1,HP Z Display Z32 31.5 inch 4K UHD (3840 x 2160) WLED LCD Black Pearl (Renewed),1.0 out of 5 stars,1,HP,,,,60 Hz,,,,
"Acer Predator XB321HK bmiphz 32-inch IPS UHD (3840 x 2160) NVIDIA G-Sync Widescreen Display (2 x 2w speakers, 4- USB 3.0 Ports, HDMI & Display Port),Black  4.1 out of 5 stars 477","Acer Predator XB321HK bmiphz 32-inch IPS UHD (3840 x 2160) NVIDIA G-Sync Widescreen Display (2 x 2w speakers, 4- USB 3.0 Ports, HDMI & Display Port),Black",4.1 out of 5 stars,477,60 Hz,ýFBA_XB321HK bmiphz,ý32 Inches,ý12.2 x 29 x 17.1 inches,"Personal, gaming",ýXB321HK bmiphz,ý24.9 pounds,"ýFebruary 14, 2016",ýB01A3N60A2
"AOC AGON AG251FG 63.5 cm (25"") LCD Monitor - 16:9-1 ms - 1920 x 1080-16.7 Million Colours  4.3 out of 5 stars 28","AOC AGON AG251FG 63.5 cm (25"") LCD Monitor - 16:9-1 ms - 1920 x 1080-16.7 Million Colours",4.3 out of 5 stars,28,AOC,ýAG251FG,ý23.6 Inches,ýAOC International,60 Hz,ý14.3 pounds,ý22.32 x 21.46 x 8.58 inches,,"ýFebruary 16, 2018"
"ViewSonic VP3881 38in IPS Ultra Wide Curved Pro Monitor, HDMI, DisplayPort, USB 3.1 Type C, Hardware Calibration (Renewed)  5.0 out of 5 stars 6","ViewSonic VP3881 38in IPS Ultra Wide Curved Pro Monitor, HDMI, DisplayPort, USB 3.1 Type C, Hardware Calibration (Renewed)",5.0 out of 5 stars,6,38 Inches,,,,ViewSonic,,,,
"LG 27MD5KL-B Ultrafine 27"" IPS LCD 5K UHD Monitor (Renewed)
4.4 out of 5 stars
 107
$1,449.99
$1,449
.
99
Ships to Egypt","LG 27MD5KL-B Ultrafine 27"" IPS LCD 5K UHD Monitor (Renewed)",4.4 out of 5 stars,107,LG,,,,60 Hz,,,,
"Fujitsu Display B20T-6 LED, EU Cable, 38036990  5.0 out of 5 stars 1","Fujitsu Display B20T-6 LED, EU Cable, 38036990",5.0 out of 5 stars,1,82 KHz,,,,Fujitsu,,,,
"ViewSonic VP3881A 38-Inch IPS WQHD+ Curved Ultrawide Monitor with ColorPro 100% sRGB Rec 709, Eye Care, HDR10 Support, USB C, HDMI, USB, DisplayPort for Professional Home and Office  4.0 out of 5 stars 1","ViewSonic VP3881A 38-Inch IPS WQHD+ Curved Ultrawide Monitor with ColorPro 100% sRGB Rec 709, Eye Care, HDR10 Support, USB C, HDMI, USB, DisplayPort for Professional Home and Office",4.0 out of 5 stars,1,ViewSonic,ýColorPro,ý38 Inches,ý4.1 x 35.3 x 15.7 inches,60 Hz,ýVP3881a,ý17.4 pounds,,ýB09HLDCWW8
"Dell U3421WE UltraSharp Curved Monitor, 34.14 Inch Ultrawide Monitor WQHD (3440 x 1440p at 60Hz), in-Plane Switching Technology, 100mmx100mm VESA Mounting Support, Platinum Silver (Latest Model)  3.6 out of 5 stars 10   Climate Pledge FriendlySee 1 certificationClimate Pledge Friendly uses sustainability certifications to highlight products that support our commitment to help preserve the natural world. Time is fleeting. Learn more PRODUCT CERTIFICATION (1)<img alt="""" src=""https://m.media-amazon.com/images/I/21OXy0oJ8VL._SS160_.png"" height=""40px"" width=""40px""/> EPEAT","Dell U3421WE UltraSharp Curved Monitor, 34.14 Inch Ultrawide Monitor WQHD (3440 x 1440p at 60Hz), in-Plane Switching Technology, 100mmx100mm VESA Mounting Support, Platinum Silver (Latest Model)",3.6 out of 5 stars,10,60 Hz,ýDell UltraSharp 34 Curved USB-C Hub Monitor - U3421WE,ý34.14 Inches,ý32.02 x 9.35 x 21.37 inches,"Multimedia, Personal, Business",ýU3421WE,ý25.7 pounds,ýB08SKYDLLQ,ý100 Volts
Samsung Odyssey 49-in Gaming G9 Computer Monitor LC49G97TSSNXDC  3.8 out of 5 stars 20,Samsung Odyssey 49-in Gaming G9 Computer Monitor LC49G97TSSNXDC,3.8 out of 5 stars,20,SAMSUNG,ýLC49G97TSSNXDC,ý49 Inches,ýSamsung,240 Hz,ý44.3 pounds,ý49.5 x 18.9 x 14.3 inches,,"ýSeptember 21, 2020"
"ViewSonic VP3881 38-Inch Premium IPS WQHD+ Curved Ultrawide Monitor with ColorPro 100% sRGB Rec 709, 14-bit 3D LUT, Eye Care, HDR10 Support, USB C, HDMI, USB, DisplayPort for Home and Office  4.6 out of 5 stars 268","ViewSonic VP3881 38-Inch Premium IPS WQHD+ Curved Ultrawide Monitor with ColorPro 100% sRGB Rec 709, 14-bit 3D LUT, Eye Care, HDR10 Support, USB C, HDMI, USB, DisplayPort for Home and Office",4.6 out of 5 stars,268,60 Hz,ýVP3881,ý38 Inches,ý4.06 x 35.28 x 15.67 inches,"Personal, Business",ýVP3881,ý28 pounds,ýB074F2G8ZP,ý240 Volts
HP Z Display Z32 31.5 inch 4K UHD (3840 x 2160) WLED LCD Black Pearl  4.1 out of 5 stars 58,HP Z Display Z32 31.5 inch 4K UHD (3840 x 2160) WLED LCD Black Pearl,4.1 out of 5 stars,58,60 Hz,ý1AA81A8#ABA,ý31.5 Inches,ýBlack Pearl,Personal,ý26.8 pounds,ý28.1 x 9.8 x 22.2 inches,,ýNo
"HP Z32 31.5 Inch 4K UHD 3840 x 2160 LED Backlit Gaming Monitor with IPS, Tilt and Swivel, Vesa Compatible, Black Pearl (HDMI, USB-C and DisplayPort)  2.9 out of 5 stars 2","HP Z32 31.5 Inch 4K UHD 3840 x 2160 LED Backlit Gaming Monitor with IPS, Tilt and Swivel, Vesa Compatible, Black Pearl (HDMI, USB-C and DisplayPort)",2.9 out of 5 stars,2,HP,,,,Gaming,,,,
LG 34GP950G-B 34 Inch Ultragear QHD (3440 x 1440) Nano IPS Curved Gaming Monitor with 1ms Response Time and 144HZ Refresh Rate and NVIDIA G-SYNC Ultimate with Tilt/Height Adjustable Stand - Black  4.5 out of 5 stars 606,LG 34GP950G-B 34 Inch Ultragear QHD (3440 x 1440) Nano IPS Curved Gaming Monitor with 1ms Response Time and 144HZ Refresh Rate and NVIDIA G-SYNC Ultimate with Tilt/Height Adjustable Stand - Black,4.5 out of 5 stars,606,144 Hz,ý34GP950G-B,ý34 Inches,ý32.1 x 12.3 x 18.5 inches,"Gaming, Business",ý34GP950G-B,ý20.1 pounds,"ýJune 22, 2021",ýLG
Iiyama ProLite E2773HDS 27 inch LED Backlit LCD Monitor 1200:1 300cd/m2 1920x1080 1ms D-Sub/DVI-D/HDMI (Black)  3.7 out of 5 stars 80,Iiyama ProLite E2773HDS 27 inch LED Backlit LCD Monitor 1200:1 300cd/m2 1920x1080 1ms D-Sub/DVI-D/HDMI (Black),3.7 out of 5 stars,80,HDMI,,,,27 Inches,,,,
"Acer B6 B276HKBymjdpprzx LED Display 68,6 cm (27"") 4K Ultra HD Grigio  4.6 out of 5 stars 2","Acer B6 B276HKBymjdpprzx LED Display 68,6 cm (27"") 4K Ultra HD Grigio",4.6 out of 5 stars,2,68 Centimeters,,,,Acer,,,,
"SAMSUNG CJ890 Series 49-Inch Ultrawide QHD (3840x1080) Computer Monitor, 144Hz, Curved, HDMI, USB-C, Height Adjustable Stand, 3 Yr WRNTY (LC49J890DKNXZA)  4.5 out of 5 stars 658","SAMSUNG CJ890 Series 49-Inch Ultrawide QHD (3840x1080) Computer Monitor, 144Hz, Curved, HDMI, USB-C, Height Adjustable Stand, 3 Yr WRNTY (LC49J890DKNXZA)",4.5 out of 5 stars,658,144 Hz,ýC49J890DKN,ý49 Inches,ý15 x 47.4 x 20.7 inches,"Multimedia, Gaming, Business",ýLC49J890DKNXZA,ý33.3 pounds,"ýApril 27, 2018",ýB07CS4KF7J
"Planar PS PS6552 65-Inch Screen LED-Lit Monitor
5.0 out of 5 stars
 1
$2,400.00
$2,400
.
00
Only 10 left in stock - order soon.",Planar PS PS6552 65-Inch Screen LED-Lit Monitor,5.0 out of 5 stars,1,Planar,"ýPLANAR SYSTEMS, INC.",ý65 Inches,ý59.9 x 3.2 x 34.8 inches,"Personal, gaming, business",ýPS6552,ý110 pounds,,ýNo
"ASUS TUF Gaming 28” 4K 144HZ DSC HDMI 2.1 Gaming Monitor (VG28UQL1A) - UHD (3840 x 2160), Fast IPS, 1ms, Extreme Low Motion Blur Sync, G-SYNC Compatible, FreeSync Premium, Eye Care, DCI-P3 90%
4.6 out of 5 stars
 1,145
$799.99
$799
.
99
Ships to Egypt
More Buying Choices
$735.99(11 used & new offers)","ASUS TUF Gaming 28” 4K 144HZ DSC HDMI 2.1 Gaming Monitor (VG28UQL1A) - UHD (3840 x 2160), Fast IPS, 1ms, Extreme Low Motion Blur Sync, G-SYNC Compatible, FreeSync Premium, Eye Care, DCI-P3 90%",4.6 out of 5 stars,"1,145",144 Hz,ýVG28UQL1A,ý28 Inches,ý25.18 x 21.25 x 8.42 inches,"Personal, Gaming, Business",ýVG28UQL1A,ý15.19 pounds,"ýSeptember 10, 2021",ýB09FP3J623
"BenQ PD3220U 32 inch 4K Monitor IPS | HDR | AQCOLOR | Display P3 | DCI-P3 | sRGB|Rec.709 | Hotkey Puck G2 | Eye-Care | ICC sync | Thunderbolt 3 for Mac | Grey
4.4 out of 5 stars
 668
$1,199.99
$1,199
.
99
Only 5 left in stock - order soon.
More Buying Choices
$909.99(8 used & new offers)
Price may vary by color",BenQ PD3220U 32 inch 4K Monitor IPS | HDR | AQCOLOR | Display P3 | DCI-P3 | sRGB|Rec.709 | Hotkey Puck G2 | Eye-Care | ICC sync | Thunderbolt 3 for Mac | Grey,4.4 out of 5 stars,668,60 Hz,ýPD3220U,ý32 Inches,ý24.71 x 7.32 x 28.14 inches,"Personal, Business",ýPD3220U,ý30 pounds,,ýB07N4PSVWJ
"Acer Predator XB323QK NVbmiiphuzx 31.5"" UHD (3840 x 2160) Agile-Splendor IPS Gaming Monitor | G-SYNC Compatible | Up to 0.5ms | 144Hz | DCI-P3 90% | 1-USB Type-C, 1-Display Port 1.4 & 2-HDMI 2.1 Ports
4.0 out of 5 stars
 6
$1,199.99
$1,199
.
99
Ships to Egypt
Usually ships within 1 to 2 months.
More Buying Choices
$1,143.46(5 new offers)","Acer Predator XB323QK NVbmiiphuzx 31.5"" UHD (3840 x 2160) Agile-Splendor IPS Gaming Monitor | G-SYNC Compatible | Up to 0.5ms | 144Hz | DCI-P3 90% | 1-USB Type-C, 1-Display Port 1.4 & 2-HDMI 2.1 Ports",4.0 out of 5 stars,6,144 Hz,ýXB323QK Nvbmiiphuzx,ý31.5 Inches,ý28.18 x 12.16 x 21 inches,"Video Editing, Photo Editing, Gaming",ýUM.JX3AA.V01,ý31.8 pounds,"ýOctober 24, 2021",ýB09JCMMMRD
"12.1"" inch Capacitive Touchscreen All Weather Rugged IP67 IK08 Waterproof Display Monitor with HDMI VGA USB DVI Video Inputs 1280x800 Native Resolution, 16x9 Aspect Ratio - 1219GNH
4.0 out of 5 stars
 3
$1,317.98
$1,317
.
98","12.1"" inch Capacitive Touchscreen All Weather Rugged IP67 IK08 Waterproof Display Monitor with HDMI VGA USB DVI Video Inputs 1280x800 Native Resolution, 16x9 Aspect Ratio - 1219GNH",4.0 out of 5 stars,3,Xenarc,,,,"Video Editing, Education, Programming, Photo Editing, Gaming, Business",,,,
"HP Z27 27 Inch IPS LED Backlit Monitor 2-Pack, 4K UHD 3840 x 2160 (2TB68A8#ABA)
3.9 out of 5 stars
 8
$1,199.00
$1,199
.
00","HP Z27 27 Inch IPS LED Backlit Monitor 2-Pack, 4K UHD 3840 x 2160 (2TB68A8#ABA)",3.9 out of 5 stars,8,27 Inches,,,,HP,,,,
"Elo Intellitouch E965017 19-Inch Screen LCD Monitor,Black  4.0 out of 5 stars 1","Elo Intellitouch E965017 19-Inch Screen LCD Monitor,Black",4.0 out of 5 stars,1,ELO,ýE965017,ý19 Inches,ýBlack,Gaming,ý12.64 pounds,ý1.85 x 17.48 x 11.69 inches,ýB002DGIVV4,ýElo
"EIZO FlexScan EV2785 27"" Professional IPS LCD Monitor 3840x2160 EV2785FX-BK
5.0 out of 5 stars
 1
$1,189.00
$1,189
.
00
Only 4 left in stock - order soon.","EIZO FlexScan EV2785 27"" Professional IPS LCD Monitor 3840x2160 EV2785FX-BK",5.0 out of 5 stars,1,Eizo,,,,"Personal, gaming, business",,,,
"Fujitsu Display P24W-6 LED, S26361-K1428-V140  4.0 out of 5 stars 2","Fujitsu Display P24W-6 LED, S26361-K1428-V140",4.0 out of 5 stars,2,24 Inches,,,,Fujitsu,,,,
"ViewSonic VX4381-4K 43 Inch Ultra HD MVA 4K Monitor Widescreen with HDR10 Support, Eye Care, HDMI, USB, DisplayPort for Home and Office  4.4 out of 5 stars 1,326","ViewSonic VX4381-4K 43 Inch Ultra HD MVA 4K Monitor Widescreen with HDR10 Support, Eye Care, HDMI, USB, DisplayPort for Home and Office",4.4 out of 5 stars,"1,326",ViewSonic,ýVX4381-4K,ý43 Inches,ýBlack,75 Hz,ý37.5 pounds,ý13.6 x 38.5 x 26 inches,,"ýJune 23, 2021"
LG 34GN850-B 34 Inch 21: 9 UltraGear Curved QHD (3440 x 1440) 1ms Nano IPS Gaming Monitor with 144Hz and G-SYNC Compatibility - Black (34GN850-B) (Renewed)  4.2 out of 5 stars 47,LG 34GN850-B 34 Inch 21: 9 UltraGear Curved QHD (3440 x 1440) 1ms Nano IPS Gaming Monitor with 144Hz and G-SYNC Compatibility - Black (34GN850-B) (Renewed),4.2 out of 5 stars,47,144 Hz,,,,Gaming,,,,
"Dell Marketing USA LP Ultra Sharp 49"" Screen Led-Lit Monitor Black (U4919DW) (Renewed)
5.0 out of 5 stars
 3
$1,150.16
$1,150
.
16 
$1,860.65
$1,860.65
Get it Mon, Jan 3 - Wed, Jan 5
Only 3 left in stock - order soon.","Dell Marketing USA LP Ultra Sharp 49"" Screen Led-Lit Monitor Black (U4919DW) (Renewed)",5.0 out of 5 stars,3,Dell,,,,60 Hz,,,,
Dell UltraSharp U2711 27-inch Widescreen Flat Panel Monitor – Max Resolution 2560 x 1440 (WQHD)  4.0 out of 5 stars 150,Dell UltraSharp U2711 27-inch Widescreen Flat Panel Monitor – Max Resolution 2560 x 1440 (WQHD),4.0 out of 5 stars,150,60 Hz,ýDell UltraSharp U2711,ý27 Inches,ýBlack,Gaming,ý30 pounds,ý29.25 x 9.88 x 22.99 inches,,ýNo
"iiyama Prolite T1932MSC-B5X Monitor Touch Screen 48,3 cm (19"") 1280 x 1024 Pixel Nero Multi-Touch Da tavolo  5.0 out of 5 stars 1","iiyama Prolite T1932MSC-B5X Monitor Touch Screen 48,3 cm (19"") 1280 x 1024 Pixel Nero Multi-Touch Da tavolo",5.0 out of 5 stars,1,19 Inches,,,,Iiyama,,,,
"ViewSonic 27 16:9, 2560 x 1440 QHD, IPS Flat Monitor, 144Hz, 1ms, W125929626 (IPS Flat Monitor, 144Hz, 1ms MPRT, FreeSync 2 HDMI, DisplayPort, Speakers, 3 Sides Frameless)
3.4 out of 5 stars
 6
$342.99
$342
.
99
Only 10 left in stock - order soon.","ViewSonic 27 16:9, 2560 x 1440 QHD, IPS Flat Monitor, 144Hz, 1ms, W125929626 (IPS Flat Monitor, 144Hz, 1ms MPRT, FreeSync 2 HDMI, DisplayPort, Speakers, 3 Sides Frameless)",3.4 out of 5 stars,6,144 Hz,,,,"Home Entertainment, Gaming",,,,
