title,price,old_price,discount,rating
Samsung Galaxy A12 - 6.5-inch 4GB RAM - 128GB Mobile Phone- Blue,"EGP 3,111.00","EGP 3,220.00",3%,"4.3 out of 5
(75)"
XIAOMI Poco F3 - 6.67-inch 256GB/8GB 5G Dual SIM Mobile Phone - Night Black,"EGP 7,299.00","EGP 7,600.00",4%,Official Store
XIAOMI Redmi 10 - 6.5-inch 128GB/6GB Dual SIM Mobile Phone - Sea Blue,"EGP 3,688.00","EGP 3,777.00",2%,"4.5 out of 5
(4)"
Infinix X657C Smart 5 - 6.6-inch 32GB/2GB Dual SIM 4G Mobile Phone - Quetzal Cyan,"EGP 1,799.00","EGP 1,999.00",10%,"4.4 out of 5
(47)"
Samsung Galaxy A12 - 6.5-inch 64GB/4GB Dual SIM Mobile Phone - Black,"EGP 2,745.00","EGP 2,999.00",8%,"4.4 out of 5
(23)"
"Samsung Galaxy Grand Prime Plus - 5.0"" - 4G Mobile Phone - Gold","EGP 1,755.00",,,"4.4 out of 5
(492)"
Samsung Galaxy A12 - 6.5-inch 64GB/4GB Dual SIM Mobile Phone - Blue,"EGP 2,745.00","EGP 2,999.00",8%,"4.6 out of 5
(39)"
XIAOMI Redmi Note 10S - 6.43-inch 128GB/6GB Dual Sim 4G Mobile Phone - Ocean Blue,"EGP 4,270.00","EGP 4,499.00",5%,Official Store
XIAOMI Redmi 10 - 6.5-inch 128GB/6GB Dual SIM Mobile Phone - Carbon Gray,"EGP 3,674.00","EGP 3,777.00",3%,"4.5 out of 5
(11)"
Samsung Galaxy A52s- 6.5-inch 128GB/8GB Dual Sim 5G Mobile Phone - Awesome Black,"EGP 7,111.00","EGP 7,777.00",9%,Official Store
XIAOMI Redmi Note 10S - 6.43-inch 128GB/8GB Dual Sim 4G Mobile Phone - Onyx Gray,"EGP 4,646.00","EGP 4,777.00",3%,Official Store
XIAOMI Redmi 10 - 6.5-inch 128GB/6GB Dual SIM Mobile Phone - Carbon Gray,"EGP 3,675.00","EGP 3,999.00",8%,Official Store
XIAOMI Poco X3 Pro - 6.67-inch 256GB/8GB Dual Sim Mobile Phone - Phantom Black,"EGP 5,353.00","EGP 5,888.00",9%,"4.5 out of 5
(24)"
Samsung Galaxy M12 - 6.5-inch 64GB/4GB Dual Sim 4G Mobile Phone - Black,"EGP 2,699.00","EGP 3,030.00",11%,Official Store
XIAOMI Redmi 9T - 6.53-inch 128GB/4GB Dual SIM Mobile Phone - Carbon Gray,"EGP 3,166.00","EGP 3,299.00",4%,"4.6 out of 5
(29)"
Samsung Galaxy A52s - 6.5-inch 128GB/8GB Dual Sim 5G Mobile Phone - Awesome Violet,"EGP 6,999.00","EGP 8,450.00",17%,"2.7 out of 5
(3)"
iQ&T N6 - 6.1-inch 16GB/2GB Mobile Phone - Gold,EGP 999.00,"EGP 1,399.00",29%,"4.6 out of 5
(8)"
Alcatel 3x (2019) 5048U - 6.52-inch 128GB/6GB Dual SIM 4G Mobile Phone - Jewelry Rose,"EGP 2,399.00","EGP 4,000.00",40%,
Samsung Galaxy A12 - 6.5-inch 4GB RAM - 128GB Mobile Phone- Black,"EGP 3,111.00","EGP 3,215.00",3%,"4.2 out of 5
(34)"
XIAOMI Redmi 10 - 6.5-inch 128GB/4GB Dual SIM Mobile Phone - Sea Blue,"EGP 3,366.00","EGP 3,699.00",9%,"4.8 out of 5
(6)"
Redmi 9A - 6.53-inch 32GB/2G Dual Sim 4G Mobile Phone - Granite Grey,"EGP 1,918.00","EGP 2,099.00",9%,"4.4 out of 5
(50)"
Samsung Galaxy A02 - 6.5-inch 32GB/3GB Dual SIM 4G Mobile Phone - Blue,"EGP 2,155.00","EGP 2,199.00",2%,"4.3 out of 5
(21)"
Samsung Galaxy A03s - 6.5-inch 64GB/4GB Dual Sim 4G Mobile Phone - Blue,"EGP 2,599.00","EGP 2,888.00",10%,"4.5 out of 5
(4)"
Samsung Galaxy M12 - 6.5-inch 128GB/4GB Dual Sim 4G Mobile Phone - Black,"EGP 3,088.00","EGP 3,299.00",6%,"4.4 out of 5
(9)"
Infinix Smart HD 2021 - 6.1-inch 32GB/2GB Dual SIM Mobile Phone - Topaz Blue,"EGP 1,675.00","EGP 2,500.00",33%,"4.3 out of 5
(57)"
XIAOMI Redmi Note 10S - 6.43-inch 128GB/6GB Dual Sim 4G Mobile Phone - Onyx Gray,"EGP 4,269.00","EGP 4,666.00",9%,"4 out of 5
(15)"
Samsung Galaxy A22- 6.4-inch 64GB/4GB Dual SIM Mobile Phone -Black,"EGP 3,450.00","EGP 3,666.00",6%,"4.2 out of 5
(5)"
Nokia C1 - 5.45-inch 16GB/1GB Dual SIM 3G Mobile Phone - Charcoal,"EGP 1,188.00","EGP 1,222.00",3%,"4.1 out of 5
(89)"
Redmi 9A - 6.53-inch 32GB/2G Dual Sim 4G Mobile Phone - Sky Blue,"EGP 1,919.00","EGP 2,099.00",9%,"4.4 out of 5
(39)"
XIAOMI Redmi 9T - 6.53-inch 64GB/4GB Dual SIM Mobile Phone - Carbon Gray,"EGP 2,925.00","EGP 3,100.00",6%,"4 out of 5
(1)"
realme 8 - 6.5 -inch 128GB/6GB Dual SIM 5G Mobile Phone - Supersonic Blue,"EGP 4,249.00","EGP 4,999.00",15%,"5 out of 5
(1)"
Samsung Galaxy A12 - 6.4-inch 64GB/4GB Dual SIM Mobile Phone - White,"EGP 2,755.00","EGP 3,100.00",11%,Official Store
XIAOMI Poco X3 Pro - 6.67-inch 256GB/8GB Dual Sim Mobile Phone - Metal Bronze,"EGP 5,399.00","EGP 5,888.00",8%,"4.5 out of 5
(22)"
Samsung Galaxy A52s- 6.5-inch 256GB /8GB Dual Sim 5G Mobile Phone - Awesome Black,"EGP 7,995.00","EGP 8,555.00",7%,"4.4 out of 5
(7)"
Samsung Galaxy A72 - 6.7-inch 256GB/8GB Dual Sim 4G Mobile Phone - Awesome Blue,"EGP 7,888.00","EGP 8,500.00",7%,Official Store
XIAOMI Redmi 10 - 6.5-inch 128GB/4GB Dual SIM Mobile Phone - Carbon Gray,"EGP 3,299.00","EGP 3,666.00",10%,Official Store
Alcatel 3x (2019) 5048U - 6.52-inch 128GB/6GB Dual SIM 4G Mobile Phone - Jewelry Black,"EGP 2,498.00","EGP 3,677.00",32%,"4.2 out of 5
(9)"
XIAOMI Redmi Note 10S - 6.43-inch 128GB/8GB Dual Sim 4G Mobile Phone - Pebble White,"EGP 4,646.00","EGP 4,777.00",3%,"3.8 out of 5
(11)"
Samsung Galaxy A72 - 6.7-inch 128GB/8GB Dual Sim 4G Mobile Phone - Awesome Violet,"EGP 7,199.00","EGP 8,500.00",15%,Official Store
OPPO Reno6 - 6.4-inch 128GB/8GB Dual SIM Mobile Phone - Aurora,"EGP 6,485.00","EGP 6,700.00",3%,"4.7 out of 5
(38)"
Samsung Galaxy M12 - 6.5-inch 128GB/4GB Dual Sim 4G Mobile Phone - Blue,"EGP 3,088.00","EGP 3,299.00",6%,"5 out of 5
(5)"
XIAOMI Redmi Note 10S - 6.43-inch 128GB/6GB Dual Sim 4G Mobile Phone - Onyx Gray,"EGP 4,270.00","EGP 4,499.00",5%,Official Store
Samsung Galaxy A12 - 6.5-inch 4GB RAM - 128GB Mobile Phone- White,"EGP 3,111.00","EGP 3,150.00",1%,"4.7 out of 5
(13)"
XIAOMI Redmi 10 - 6.5-inch 128GB/6GB Dual SIM Mobile Phone - Pebble White,"EGP 3,659.00","EGP 3,777.00",3%,"4.5 out of 5
(2)"
Samsung Galaxy A72 - 6.7-inch 128GB/8GB Dual SIM Mobile Phone - Awesome Black,"EGP 7,199.00","EGP 8,500.00",15%,Official Store
OPPO Reno 6 - 6.4-inch 128GB/8GB Dual SIM 4G Mobile Phone - Aurora,"EGP 6,439.00","EGP 7,000.00",8%,"4.7 out of 5
(23)"
Infinix Hot 10S - 6.8-inch 64GB/4GB Dual SIM Mobile Phone - Morandi Green,"EGP 2,394.00","EGP 2,499.00",4%,"4.8 out of 5
(5)"
OPPO A93 - 6.43-inch 128GB/8GB Dual SIM Mobile Phone - Matte Blue,"EGP 4,999.00",,,
OPPO A93 - 6.43-inch 128GB/8GB Dual SIM Mobile Phone - Matte Blue,"EGP 4,999.00",,,
Infinix Hot 10S - 6.8-inch 64GB/4GB Dual SIM Mobile Phone - Morandi Green,"EGP 2,394.00","EGP 2,499.00",4%,"4.8 out of 5
(5)"
OPPO Reno 6 - 6.4-inch 128GB/8GB Dual SIM 4G Mobile Phone - Aurora,"EGP 6,439.00","EGP 7,000.00",8%,"4.7 out of 5
(23)"
Samsung Galaxy A72 - 6.7-inch 128GB/8GB Dual SIM Mobile Phone - Awesome Black,"EGP 7,199.00","EGP 8,500.00",15%,Official Store
XIAOMI Redmi 10 - 6.5-inch 128GB/6GB Dual SIM Mobile Phone - Pebble White,"EGP 3,659.00","EGP 3,777.00",3%,"4.5 out of 5
(2)"
Samsung Galaxy A12 - 6.5-inch 4GB RAM - 128GB Mobile Phone- White,"EGP 3,111.00","EGP 3,150.00",1%,"4.7 out of 5
(13)"
XIAOMI Redmi Note 10S - 6.43-inch 128GB/6GB Dual Sim 4G Mobile Phone - Onyx Gray,"EGP 4,270.00","EGP 4,499.00",5%,Official Store
Samsung Galaxy M12 - 6.5-inch 128GB/4GB Dual Sim 4G Mobile Phone - Blue,"EGP 3,088.00","EGP 3,299.00",6%,"5 out of 5
(5)"
Nokia C1 - 5.45-inch 16GB/1GB Dual SIM 3G Mobile Phone - Red,"EGP 1,199.00","EGP 1,200.00",1%,"4.1 out of 5
(24)"
Samsung Galaxy A72 - 6.7-inch 256GB/8GB Dual SIM Mobile Phone - Awesome Black,"EGP 8,299.00","EGP 8,888.00",7%,"4.7 out of 5
(16)"
Infinix X657B Smart 5 - 6.6-inch 64GB/3GB Dual SIM 4G Mobile Phone - Quetzal Cyan,"EGP 2,040.00","EGP 2,099.00",3%,"4.3 out of 5
(45)"
realme C11(2021)- 6.52-inch 32GB/2GB Dual SIM 4G Mobile Phone - Iron Grey,"EGP 1,979.00","EGP 2,099.00",6%,"4.8 out of 5
(4)"
XIAOMI Redmi 10 - 6.5-inch 128GB/4GB Dual SIM Mobile Phone - Pebble White,"EGP 3,288.00","EGP 3,399.00",3%,Official Store
XIAOMI Redmi Note 10 Pro - 6.67-inch 128GB/6GB Dual SIM Mobile Phone - Onyx Gray,"EGP 5,375.00","EGP 5,555.00",3%,"4.1 out of 5
(72)"
Samsung Galaxy A52s - 6.5-inch 128GB/8GB Dual Sim 5G Mobile Phone - Awesome Black,"EGP 6,950.00","EGP 8,450.00",18%,Eligible for Free Shipping
realme C11(2021)- 6.5-inch 32GB/2GB Dual SIM 4G Mobile Phone - Lake Blue,"EGP 1,983.00","EGP 2,099.00",6%,"4 out of 5
(2)"
Samsung Galaxy A32 - 6.4-inch 128GB/6GB Dual SIM Mobile Phone - Awesome Blue,"EGP 4,770.00","EGP 5,099.00",6%,"4.7 out of 5
(14)"
Samsung Galaxy A03s - 6.5-inch 64GB/4GB Dual Sim 4G Mobile Phone - Black,"EGP 2,599.00","EGP 2,888.00",10%,"5 out of 5
(3)"
OPPO Reno 6 - 6.4-inch 128GB/8GB Dual SIM 4G Mobile Phone - Stellar Black,"EGP 6,450.00","EGP 6,999.00",8%,
"Itel A56 ICE LAKE  BLUE,16 GB,1 GB,Android","EGP 1,070.00",,,
Samsung Galaxy A52 - 6.5-inch 128GB/8GB Dual Sim 4G Mobile Phone - Awesome Black,"EGP 6,260.00","EGP 6,666.00",6%,"4.6 out of 5
(8)"
Samsung Galaxy A52s - 6.5-inch 128GB/8GB Dual Sim 5G Mobile Phone - Awesome White,"EGP 6,999.00","EGP 8,450.00",17%,"4 out of 5
(3)"
XIAOMI Redmi 10 - 6.5-inch 128GB/4GB Dual SIM Mobile Phone - Pebble White,"EGP 3,366.00","EGP 3,699.00",9%,"4.6 out of 5
(5)"
OPPO A94 - 6.4-inch 128GB/8GB Dual SIM 4G Mobile Phone - Fluid Black,"EGP 5,199.00","EGP 5,999.00",13%,"4.3 out of 5
(7)"
Infinix Note 10  - 6.95-inch 128GB/6GB Dual SIM 4G Mobile Phone - Black,"EGP 3,199.00","EGP 3,444.00",7%,"4.7 out of 5
(14)"
Samsung Galaxy S21 Ultra - 6.8-inch 256GB/12GB Dual SIM 5G Mobile Phone - Phantom Black,"EGP 21,999.00",,,
OPPO A54 - 6.51-inch 64GB/4GB Dual SIM 4G Mobile Phone - Crystal Black,"EGP 3,307.00","EGP 3,590.00",8%,"4.8 out of 5
(5)"
XIAOMI Redmi 9T - 6.53-inch 128GB/4GB Dual SIM Mobile Phone - Twilight Blue,"EGP 3,250.00","EGP 3,333.00",2%,"4.2 out of 5
(38)"
"iQ&T G3 - 5.5"" Dual SIM 3G Mobile Phone - Black + Free Flip Cover - Blue",EGP 699.00,EGP 950.00,26%,"4.3 out of 5
(7)"
Samsung Galaxy A12 - 6.5-inch 64GB/4GB Dual SIM Mobile Phone - White,"EGP 2,745.00","EGP 2,999.00",8%,"4.3 out of 5
(8)"
Samsung Galaxy A52s- 6.5-inch 256GB /8GB Dual Sim 5G Mobile Phone - Awesome Violet,"EGP 7,999.00","EGP 8,555.00",6%,"4.5 out of 5
(4)"
OPPO A54 - 6.51-inch 64GB/4GB Dual SIM 4G Mobile Phone - Starry Blue,"EGP 3,307.00","EGP 3,777.00",12%,"4.3 out of 5
(22)"
OPPO A16 - 6.52-inch 64GB/4GB Dual SIM 4G Mobile Phone - Pearl Blue,"EGP 3,292.00","EGP 3,800.00",13%,"5 out of 5
(3)"
realme C21 Y - 6.5-inch 64GB/4GB Dual SIM 4G Mobile Phone - Cross Black,"EGP 2,554.00","EGP 2,666.00",4%,"4 out of 5
(5)"
Samsung Galaxy A03s - 6.5-inch 64GB/4GB Dual Sim 4G Mobile Phone - White,"EGP 2,574.00","EGP 2,888.00",11%,"3 out of 5
(2)"
realme 8  - 6.4-inch 128GB/8GB Dual SIM 4G Mobile Phone - Cyber Silver,"EGP 4,645.00","EGP 4,888.00",5%,"4.6 out of 5
(5)"
Samsung Galaxy A72 - 6.7-inch 256GB/8GB Dual Sim 4G Mobile Phone - Awesome Black,"EGP 7,999.00","EGP 8,680.00",8%,Official Store
realme C11(2021)- 6.52-inch 32GB/2GB Dual SIM 4G Mobile Phone - Lake Blue,"EGP 2,020.00","EGP 2,500.00",19%,"4.3 out of 5
(4)"
realme C21 Y - 6.5-inch 64GB/4GB Dual SIM 4G Mobile Phone - Cross Blue,"EGP 2,554.00","EGP 2,666.00",4%,"4.5 out of 5
(2)"
Huawei Y6p - 6.3-inch 64GB/3GB 4G Mobile Phone - Phantom Purple,"EGP 2,494.00","EGP 3,500.00",29%,"4.3 out of 5
(34)"
TCL 10 Plus - 6.47 Inch Dual SIM 4G 256GB/6GB Mobile Phone - Moonlight Blue,"EGP 4,444.00",,,"4.5 out of 5
(2)"
Infinix Hot 10S -6.8-inch 128GB/4GB Dual SIM Mobile Phone - Heart Ocean,"EGP 2,799.00","EGP 3,099.00",10%,"4.3 out of 5
(11)"
Samsung Galaxy A52s- 6.5-inch 256GB /8GB Dual Sim 5G Mobile Phone - Awesome White,"EGP 7,955.00","EGP 8,555.00",7%,"5 out of 5
(1)"
Infinix Hot 10S -6.8-inch 64GB/4GB Dual SIM Mobile Phone - Heart Ocean,"EGP 2,399.00","EGP 2,499.00",4%,"3.9 out of 5
(11)"
"Samsung Galaxy Star 2 - 3.5"" Dual SIM Mobile Phone - White",EGP 627.00,,,
Nokia 5.3 - 6.55-inch 64GB/4GB Dual SIM 4G Mobile Phone - Sand,"EGP 2,499.00","EGP 2,749.00",9%,"4.4 out of 5
(5)"
OPPO Reno6 - 6.4-inch 128GB/8GB Dual SIM Mobile Phone - Aurora,"EGP 6,490.00",,,Eligible for Free Shipping
XIAOMI Redmi Note 10S - 6.43-inch 128GB/6GB Dual Sim 4G Mobile Phone - Ocean Blue,"EGP 4,269.00","EGP 4,666.00",9%,"4.5 out of 5
(14)"
XIAOMI Redmi Note 10S - 6.43-inch 128GB/6GB Dual Sim 4G Mobile Phone - Ocean Blue,"EGP 4,269.00","EGP 4,666.00",9%,"4.5 out of 5
(14)"
OPPO Reno6 - 6.4-inch 128GB/8GB Dual SIM Mobile Phone - Aurora,"EGP 6,490.00",,,Eligible for Free Shipping
Nokia 5.3 - 6.55-inch 64GB/4GB Dual SIM 4G Mobile Phone - Sand,"EGP 2,499.00","EGP 2,749.00",9%,"4.4 out of 5
(5)"
"Samsung Galaxy Star 2 - 3.5"" Dual SIM Mobile Phone - White",EGP 627.00,,,
Infinix Hot 10S -6.8-inch 64GB/4GB Dual SIM Mobile Phone - Heart Ocean,"EGP 2,399.00","EGP 2,499.00",4%,"3.9 out of 5
(11)"
Samsung Galaxy A52s- 6.5-inch 256GB /8GB Dual Sim 5G Mobile Phone - Awesome White,"EGP 7,955.00","EGP 8,555.00",7%,"5 out of 5
(1)"
Infinix Hot 10S -6.8-inch 128GB/4GB Dual SIM Mobile Phone - Heart Ocean,"EGP 2,799.00","EGP 3,099.00",10%,"4.3 out of 5
(11)"
TCL 10 Plus - 6.47 Inch Dual SIM 4G 256GB/6GB Mobile Phone - Moonlight Blue,"EGP 4,444.00",,,"4.5 out of 5
(2)"
Infinix Hot 10S -6.8-inch 64GB/4GB Dual SIM Mobile Phone - Purple,"EGP 2,399.00","EGP 2,499.00",4%,"5 out of 5
(1)"
Infinix Hot 10S -6.8-inch 128GB/4GB Dual SIM Mobile Phone -Black,"EGP 2,799.00","EGP 3,099.00",10%,"4.6 out of 5
(5)"
OPPO A15 - 6.52-inch 32GB/2GB Dual SIM 4G Mobile Phone - Mystery Blue,"EGP 2,599.00","EGP 3,000.00",13%,"4.2 out of 5
(31)"
realme 7 - 6.5-inch 128GB/8GB Dual SIM 4G Mobile Phone - White Knight,"EGP 4,444.00","EGP 4,799.00",7%,
Infinix X657B Smart 5 - 6.6-inch 64GB/3GB Dual SIM 4G Mobile Phone - Midnight Black,"EGP 1,999.00",,,"4.6 out of 5
(27)"
XIAOMI Poco X3 Pro - 6.67-inch 128GB/6GB Dual Sim Mobile Phone - Phantom Black,"EGP 5,025.00","EGP 5,555.00",10%,"4.4 out of 5
(30)"
"XIAOMI Mi Note 10 Lite - 6.47-inch 128GB/6GB Dual SIM Mobile Phone - Midnight Black, …","EGP 5,399.00",,,
realme 8 - Dual SIM 5G Mobile Phone 6.5 -inch 128GB/6GB - Supersonic Black,"EGP 4,249.00","EGP 4,999.00",15%,
Alcatel 1 (5033F) - 5.0-inch 16GB/1GB 4G Mobile Phone - Metallic Blue,EGP 898.00,,,"4.6 out of 5
(7)"
XIAOMI Redmi Note 10S - 6.43-inch 128GB/6GB Dual Sim 4G Mobile Phone - Pebble White,"EGP 4,269.00","EGP 4,666.00",9%,"4.3 out of 5
(6)"
Samsung Galaxy A52s- 6.5-inch 128GB/8GB Dual Sim 5G Mobile Phone - Awesome Black,"EGP 7,200.00","EGP 7,999.00",10%,"3.7 out of 5
(7)"
XIAOMI Poco F3 - 6.67-inch 256GB/8GB 5G Dual SIM Mobile Phone - Deep Ocean Blue,"EGP 7,272.00","EGP 7,444.00",2%,"4.5 out of 5
(4)"
OPPO A16 - 6.52-inch 64GB/4GB Dual SIM Mobile Phone - Pearl Blue,"EGP 3,290.00","EGP 3,555.00",7%,"4.8 out of 5
(4)"
Infinix Note 10 - 6.95-inch 128GB /6GB Dual SIM 4G Mobile Phone - Emerald Green,"EGP 3,199.00","EGP 3,444.00",7%,"4.3 out of 5
(15)"
Huawei Y5p - 5.45-inch 32GB/2GB 4G Mobile Phone - Mint Green,"EGP 1,900.00","EGP 3,000.00",37%,"3.9 out of 5
(13)"
XIAOMI Redmi Note 10S - 6.43-inch 128GB/6GB Dual Sim 4G Mobile Phone - Pebble White,"EGP 4,290.00","EGP 4,800.00",11%,"4.6 out of 5
(7)"
Nokia C1 2nd Edition – 5.4-inch 16GB/1GB Dual SIM 3G Mobile Phone – Purple,"EGP 1,190.00","EGP 1,199.00",1%,Eligible for Free Shipping
realme 8  - 6.4-inch 128GB/8GB Dual SIM 4G Mobile Phone - Cyber Black,"EGP 4,645.00","EGP 4,888.00",5%,"4.8 out of 5
(5)"
"OPPO Reno5 5G 8GB RAM, 128GB - Galactic Silver","EGP 6,950.00","EGP 8,000.00",13%,"5 out of 5
(4)"
Samsung Galaxy Z Flip3 - 6.7-inch 256GB/8GB Dual Sim 5G Mobile Phone - BLACK,"EGP 17,299.00","EGP 19,999.00",14%,Official Store
Samsung Galaxy A72 - 6.7-inch 128GB/8GB Dual SIM Mobile Phone - Awesome Black,"EGP 7,666.00","EGP 7,999.00",4%,"4.2 out of 5
(9)"
XIAOMI Redmi Note 10S - 6.43-inch 128GB/8GB Dual Sim 4G Mobile Phone - Ocean Blue,"EGP 4,646.00","EGP 4,777.00",3%,"4.4 out of 5
(18)"
realme C21Y- 6.5-inch 64GB/4GB Dual SIM 4G Mobile Phone - Cross Blue,"EGP 2,590.00","EGP 2,900.00",11%,"3.5 out of 5
(2)"
XIAOMI Redmi 9T - 6.53-inch 128GB/4GB Dual SIM Mobile Phone - Ocean Green,"EGP 3,222.00","EGP 3,333.00",3%,"4.5 out of 5
(10)"
OPPO A54 - 6.51-inch 128GB/4GB Dual SIM 4G Mobile Phone - Crystal Black,"EGP 3,688.00","EGP 3,999.00",8%,"4.5 out of 5
(10)"
Infinix Hot 10S -6.8-inch 64GB/4GB Dual SIM Mobile Phone - Black,"EGP 2,499.00",,,"2.5 out of 5
(2)"
OPPO A54 - 6.51-inch 128GB/4GB Dual SIM 4G Mobile Phone - Starry Blue,"EGP 3,688.00","EGP 3,999.00",8%,"4.4 out of 5
(22)"
OPPO A54 - 6.51-inch 128GB/6GB Dual SIM 4G Mobile Phone - Starry Blue,"EGP 4,140.00","EGP 4,444.00",7%,"4.1 out of 5
(15)"
realme C11(2021)- 6.5-inch 32GB/2GB Dual SIM 4G Mobile Phone - Lake Blue,"EGP 1,990.00","EGP 2,199.00",10%,"4.3 out of 5
(9)"
OPPO Reno 6- 6.4 Inches 128GB/8GB Dual SIM 4G Mobile Phone - Aurora,"EGP 6,450.00","EGP 6,999.00",8%,"5 out of 5
(1)"
Redmi 9A - 6.53-inch 32GB/2GB Dual Sim 4G Mobile Phone - Peacock Green,"EGP 1,919.00","EGP 2,099.00",9%,"3.7 out of 5
(14)"
OPPO A16 - 6.52-inch 32GB/3GB Dual SIM 4G Mobile Phone - Crystal Black,"EGP 2,890.00",,,Eligible for Free Shipping
Samsung Galaxy A02 - 6.5-inch 32GB/3GB Dual SIM 4G Mobile Phone - Gray,"EGP 2,200.00","EGP 2,500.00",12%,"4 out of 5
(4)"
XIAOMI 11 Lite - 6.55-inch 256GB/8GB Dual SIM 5G Mobile Phone - Bubblegum Blue,"EGP 7,199.00","EGP 7,400.00",3%,"3 out of 5
(1)"
Samsung Galaxy A52 - 6.5-inch 256GB/8GB Dual Sim 4G Mobile Phone - Awesome Violet,"EGP 7,025.00","EGP 7,444.00",6%,"4.2 out of 5
(20)"
realme 8  - 6.4-inch 128GB/8GB Dual SIM 4G Mobile Phone - Cyber Black,"EGP 4,690.00","EGP 5,252.00",11%,"5 out of 5
(5)"
OPPO A93 - 6.43-inch 128GB/8GB Dual SIM Mobile Phone - Matte Black,"EGP 4,999.00",,,"4.2 out of 5
(13)"
Itel A16 Plus - 5.0-inch 8GB/1GB Dual SIM 3G Mobile Phone - Black,EGP 833.00,"EGP 1,500.00",44%,"2 out of 5
(1)"
"ZTE Blade V7 Lite Dual Sim - 16GB, 2GB RAM, 4G LTE, Grey",EGP 999.00,,,
Infinix Hot 10S -6.8-inch 128GB/4GB Dual SIM Mobile Phone - Morandi Green,"EGP 2,799.00","EGP 3,099.00",10%,"5 out of 5
(2)"
Infinix Hot 10S -6.8-inch 128GB/4GB Dual SIM Mobile Phone - Morandi Green,"EGP 2,799.00","EGP 3,099.00",10%,"5 out of 5
(2)"
"ZTE Blade V7 Lite Dual Sim - 16GB, 2GB RAM, 4G LTE, Grey",EGP 999.00,,,
Itel A16 Plus - 5.0-inch 8GB/1GB Dual SIM 3G Mobile Phone - Black,EGP 833.00,"EGP 1,500.00",44%,"2 out of 5
(1)"
OPPO A93 - 6.43-inch 128GB/8GB Dual SIM Mobile Phone - Matte Black,"EGP 4,999.00",,,"4.2 out of 5
(13)"
realme 8  - 6.4-inch 128GB/8GB Dual SIM 4G Mobile Phone - Cyber Black,"EGP 4,690.00","EGP 5,252.00",11%,"5 out of 5
(5)"
Samsung Galaxy A52 - 6.5-inch 256GB/8GB Dual Sim 4G Mobile Phone - Awesome Violet,"EGP 7,025.00","EGP 7,444.00",6%,"4.2 out of 5
(20)"
XIAOMI 11 Lite - 6.55-inch 256GB/8GB Dual SIM 5G Mobile Phone - Bubblegum Blue,"EGP 7,199.00","EGP 7,400.00",3%,"3 out of 5
(1)"
Samsung Galaxy A02 - 6.5-inch 32GB/3GB Dual SIM 4G Mobile Phone - Gray,"EGP 2,200.00","EGP 2,500.00",12%,"4 out of 5
(4)"
Samsung Galaxy A32 – 6.4-inch 6GB/128GB LTE Mobile Phone - Awesome Blue,"EGP 4,777.00","EGP 4,920.00",3%,Official Store
Samsung Galaxy M12 - 6.5-inch 64GB/4GB Dual Sim 4G Mobile Phone - Black,"EGP 2,777.00","EGP 2,999.00",7%,"4.7 out of 5
(3)"
Samsung Galaxy A72 - 6.7-inch 128GB/8GB Dual Sim 4G Mobile Phone - Awesome White,"EGP 7,199.00","EGP 8,500.00",15%,Official Store
OPPO A16 - 6.52-inch 32GB/3GB Dual SIM Mobile Phone - Pearl Blue,"EGP 2,849.00","EGP 3,333.00",15%,
Samsung Galaxy A12 - 6.5-inch 64GB/4GB Dual SIM Mobile Phone - Blue,"EGP 2,777.00","EGP 3,499.00",21%,"5 out of 5
(1)"
Samsung Galaxy A52s- 6.5-inch 128GB/8GB Dual Sim 5G Mobile Phone - Awesome White,"EGP 7,099.00","EGP 7,777.00",9%,"4.7 out of 5
(3)"
Samsung Galaxy A32 - 6.4-inch 128GB/6GB Dual SIM Mobile Phone - Awesome Blue,"EGP 4,772.00","EGP 4,900.00",3%,"3 out of 5
(1)"
Infinix Smart HD 2021 - 6.1-inch 32GB/2GB Dual SIM Mobile Phone - Quartz Green,"EGP 1,900.00","EGP 2,999.00",37%,"4.4 out of 5
(32)"
Samsung Galaxy A52s- 6.5-inch 256GB /8GB Dual Sim 5G Mobile Phone - Awesome Black,"EGP 8,044.00","EGP 8,987.00",10%,"4 out of 5
(2)"
Infinix X657B Smart 5 - 6.6-inch 64GB/3GB Dual SIM 4G Mobile Phone - Ocean Wave,"EGP 1,999.00",,,"4.4 out of 5
(28)"
Samsung Galaxy M12 - 6.5-inch 128GB/4GB  Dual Sim 4G Mobile Phone – Green,"EGP 3,088.00","EGP 3,299.00",6%,"5 out of 5
(2)"
XIAOMI Redmi Note 9T – 6.53-inch 4GB/128GB Dual SIM 5G Mobile Phone - Daybreak Purple,"EGP 4,444.00","EGP 4,999.00",11%,"4.5 out of 5
(4)"
realme C25 S - 6.5-inch 64GB/4GB Dual SIM Mobile Phone - Water Blue,"EGP 2,915.00","EGP 2,999.00",3%,
XIAOMI Redmi Note 10 Pro - 6.67-inch 128GB/8GB Dual SIM Mobile Phone - Gradient Bronze,"EGP 5,777.00","EGP 5,999.00",4%,"5 out of 5
(2)"
Huawei nova 7SE - 6.5-inch 128GB/8GB 5G Mobile Phone - Crush Green,"EGP 4,999.00","EGP 6,299.00",21%,"5 out of 5
(1)"
Samsung Galaxy A52 - 6.5-inch 128GB/8GB Dual Sim 4G Mobile Phone -  Awesome Blue,"EGP 6,260.00","EGP 6,666.00",6%,"4.9 out of 5
(7)"
realme C11(2021)- 6.52-inch 32GB/2GB Dual SIM 4G Mobile Phone - Iron Grey,"EGP 1,982.00","EGP 2,100.00",6%,"5 out of 5
(1)"
XIAOMI Redmi Note 10S - 6.43-inch 128GB/8GB Dual Sim 4G Mobile Phone - Pebble White,"EGP 4,555.00","EGP 4,800.00",5%,"4.6 out of 5
(9)"
OPPO A55 - 6.51-inch 128GB/4GB Dual SIM 4G Mobile Phone - Rainbow Blue,"EGP 3,989.00","EGP 4,199.00",5%,
OPPO Reno6 5G - 6.4-inch 128GB/8GB Dual SIM Mobile Phone - Aurora,"EGP 8,888.00","EGP 9,690.00",8%,
Samsung Galaxy A22- 6.4-inch 64GB/4GB Dual SIM Mobile Phone -White,"EGP 3,630.00","EGP 4,000.00",9%,"5 out of 5
(1)"
Samsung Galaxy A22- 6.4-inch 64GB/4GB Dual SIM Mobile Phone - Violet,"EGP 3,450.00","EGP 3,666.00",6%,
Samsung Galaxy A52s- 6.5-inch 128GB/8GB Dual Sim 5G Mobile Phone - Awesome Black,"EGP 7,188.00","EGP 8,888.00",19%,
Samsung Galaxy A22- 6.4-inch 64GB/4GB Dual SIM Mobile Phone -Mint,"EGP 3,450.00","EGP 3,666.00",6%,"4 out of 5
(3)"
Huawei Nova 8 Mobile Phone -Gold,"EGP 8,600.00",,,
XIAOMI Redmi 9A - 6.53-inch 32GB/2GB Dual SIM Mobile Phone - PEACOCK GREEN,"EGP 2,200.00","EGP 2,500.00",12%,"5 out of 5
(2)"
Samsung Galaxy A22 - 6.4-inch 64GB/4GB Dual Sim 4G Mobile Phone - Black,"EGP 3,699.00","EGP 4,070.00",9%,"4.5 out of 5
(2)"
XIAOMI Redmi 9T - 6.53-inch 128GB/4GB Dual SIM Mobile Phone - Sunrise Orange,"EGP 3,250.00","EGP 3,333.00",2%,"4 out of 5
(4)"
Samsung Galaxy A22- 6.4-inch 64GB/4GB Dual SIM Mobile Phone -Mint,"EGP 3,500.00","EGP 4,000.00",13%,"5 out of 5
(1)"
"Infinix X555 Zero 4 - 5.5"" Mobile Phone - Lilac Grey","EGP 2,500.00","EGP 3,000.00",17%,"3.7 out of 5
(39)"
OPPO A16 - 6.52-inch 64GB/4GB Dual SIM Mobile Phone - Crystal Black,"EGP 3,288.00","EGP 3,555.00",8%,"4.2 out of 5
(6)"
OPPO A16 - 6.52-inch 64GB/4GB Dual SIM 4G Mobile Phone - Crystal Black,"EGP 3,330.00","EGP 3,600.00",8%,"4.3 out of 5
(3)"
XIAOMI Redmi 9A - 6.53-inch 32GB/2G Dual Sim 4G Mobile Phone - Granite Gray,"EGP 2,025.00","EGP 2,050.00",1%,"5 out of 5
(1)"
realme C21Y- 6.5-inch 64GB/4GB Dual SIM 4G Mobile Phone - Cross Blue,"EGP 2,650.00","EGP 3,000.00",12%,"4.5 out of 5
(2)"
"OPPO A54 Dual SIM Mobile Phone - 6.51 Inch, 128 GB, 4 GB RAM, 4G LTE - Starry Blue","EGP 3,700.00","EGP 3,900.00",5%,"1.7 out of 5
(3)"
Samsung Galaxy A22- 6.4-inch 64GB/4GB Dual SIM Mobile Phone - Violet,"EGP 3,500.00","EGP 4,000.00",13%,"5 out of 5
(1)"
Itel A16 Plus - 5.0-inch 8GB/1GB Dual SIM 3G Mobile Phone - Gold,EGP 833.00,"EGP 1,500.00",44%,"5 out of 5
(4)"
OPPO A55 - 6.51-inch 64GB/4GB Dual SIM 4G Mobile Phone - Rainbow Blue,"EGP 3,640.00","EGP 3,999.00",9%,"1 out of 5
(1)"
realme C21 Y - 6.5-inch 64GB/4GB Dual SIM 4G Mobile Phone - Cross Black,"EGP 2,590.00","EGP 2,900.00",11%,"5 out of 5
(1)"
Samsung Galaxy A02 - 6.5-inch 32GB/3GB Dual SIM 4G Mobile Phone - Black,"EGP 2,349.00","EGP 2,399.00",2%,"4 out of 5
(1)"
Samsung Galaxy A02 - 6.5-inch 32GB/3GB Dual SIM 4G Mobile Phone - Black,"EGP 2,349.00","EGP 2,399.00",2%,"4 out of 5
(1)"
realme C21 Y - 6.5-inch 64GB/4GB Dual SIM 4G Mobile Phone - Cross Black,"EGP 2,590.00","EGP 2,900.00",11%,"5 out of 5
(1)"
OPPO A55 - 6.51-inch 64GB/4GB Dual SIM 4G Mobile Phone - Rainbow Blue,"EGP 3,640.00","EGP 3,999.00",9%,"1 out of 5
(1)"
Itel A16 Plus - 5.0-inch 8GB/1GB Dual SIM 3G Mobile Phone - Gold,EGP 833.00,"EGP 1,500.00",44%,"5 out of 5
(4)"
Samsung Galaxy A22- 6.4-inch 64GB/4GB Dual SIM Mobile Phone - Violet,"EGP 3,500.00","EGP 4,000.00",13%,"5 out of 5
(1)"
"OPPO A54 Dual SIM Mobile Phone - 6.51 Inch, 128 GB, 4 GB RAM, 4G LTE - Starry Blue","EGP 3,700.00","EGP 3,900.00",5%,"1.7 out of 5
(3)"
realme C21Y- 6.5-inch 64GB/4GB Dual SIM 4G Mobile Phone - Cross Blue,"EGP 2,650.00","EGP 3,000.00",12%,"4.5 out of 5
(2)"
XIAOMI Redmi 9A - 6.53-inch 32GB/2G Dual Sim 4G Mobile Phone - Granite Gray,"EGP 2,025.00","EGP 2,050.00",1%,"5 out of 5
(1)"
Infinix Hot 11- 6.6-inch 64GB/4GB Dual SIM Mobile Phone - Emerald Green,"EGP 2,570.00","EGP 2,777.00",7%,"4 out of 5
(1)"
Samsung A52- 6.5-inch 128GB/8GB Dual Sim 4G Mobile Phone - Awesome Blue,"EGP 6,365.00","EGP 7,199.00",12%,
realme C11(2021)- 6.52-inch 32GB/2GB Dual SIM 4G Mobile Phone - Iron Grey,"EGP 1,990.00","EGP 2,228.00",11%,
Honor 50 5G - 8GB RAM - 256GB - Emerald Green,"EGP 9,829.00","EGP 10,820.00",9%,"3.5 out of 5
(2)"
XIAOMI Redmi Note 10S - 6.43-inch 128GB/6GB Dual Sim 4G Mobile Phone - Ocean Blue,"EGP 4,290.00","EGP 4,500.00",5%,"4.5 out of 5
(18)"
Honor 50 5G - 8GB RAM - 256GB - Frost Crystal,"EGP 9,599.00","EGP 9,999.00",4%,
XIAOMI Redmi Note 10S - 6.43-inch 128GB/8GB Dual Sim 4G Mobile Phone - Ocean Blue,"EGP 4,530.00","EGP 4,800.00",6%,"4 out of 5
(1)"
XIAOMI Redmi 9A - 6.53-inch 32GB/2G Dual Sim 4G Mobile Phone - Sky Blue,"EGP 2,025.00","EGP 2,050.00",1%,
Samsung Galaxy A72 - 6.7-inch 128GB/8GB Dual Sim 4G Mobile Phone - Awesome White,"EGP 7,666.00","EGP 7,999.00",4%,"5 out of 5
(2)"
OPPO A16 - 6.52-inch 32GB/3GB Dual SIM Mobile Phone - Crystal Black,"EGP 2,889.00","EGP 3,180.00",9%,
XIAOMI Redmi 10 - 6.5-inch 64GB/4GB Dual SIM Mobile Phone - Carbon Gray,"EGP 3,388.00","EGP 3,999.00",15%,
Infinix Hot 11- 6.6-inch 64GB/4GB Dual SIM Mobile Phone - Silver Wave,"EGP 2,570.00","EGP 2,777.00",7%,
Samsung Galaxy M12 - 6.5-inch 128GB/4GB Dual Sim 4G Mobile Phone - Black,"EGP 3,260.00","EGP 3,550.00",8%,
realme C25s - 6.5-inch 64GB/4GB Dual SIM Mobile Phone - Water Blue,"EGP 2,890.00","EGP 3,236.00",11%,"5 out of 5
(1)"
Samsung Galaxy Z Flip3 - 6.7-inch 256GB/8GB Dual Sim 5G Mobile Phone - CREAM,"EGP 17,299.00","EGP 19,999.00",14%,
XIAOMI Redmi 10 - 6.5-inch 64GB/4GB Dual SIM Mobile Phone - Sea Blue,"EGP 3,199.00","EGP 3,450.00",7%,
"OPPO A94 Dual SIM Mobile Phone - 6.43 Inches, 4G LTE - Fluid Black","EGP 5,195.00","EGP 5,390.00",4%,"5 out of 5
(1)"
realme C11(2021)- 6.52-inch 32GB/2GB Dual SIM 4G Mobile Phone - Iron Grey,"EGP 2,100.00",,,"4.8 out of 5
(4)"
TCL 10 Plus - 6.47 Inch Dual SIM 4G 256GB/6GB Mobile Phone - Starlight Silver,"EGP 4,444.00",,,"5 out of 5
(1)"
OPPO Reno6 - 6.4-inch 128GB/8GB Dual SIM Mobile Phone - Stellar Black,"EGP 6,489.00","EGP 7,140.00",9%,"4.1 out of 5
(13)"
realme C25s - 6.5-inch 128GB/4GB Dual SIM Mobile Phone - Water Grey,"EGP 3,390.00","EGP 3,500.00",3%,
realme C11(2021)- 6.52-inch 32GB/2GB Dual SIM 4G Mobile Phone - Iron Grey,"EGP 2,020.00","EGP 2,500.00",19%,"3 out of 5
(2)"
realme C25Y - 6.5-inch 128GB/4GB Dual SIM Mobile Phone -Metal Grey,"EGP 3,288.00","EGP 3,777.00",13%,
realme C11(2021)- 6.52-inch 32GB/2GB Dual SIM 4G Mobile Phone - Iron Grey,"EGP 1,990.00","EGP 2,199.00",10%,"3.7 out of 5
(3)"
Vivo V21e - 6.44-inch - 8GB RAM/128GB - Diamond Flare,"EGP 5,290.00","EGP 5,820.00",9%,"3.4 out of 5
(5)"
Vivo V21 - 6.44-inch - 8GB RAM/128GB - Sunset Dazzle,"EGP 5,888.00","EGP 6,333.00",7%,
OPPO A55 Dual SIM Mobile Phone 4GB Ram - 128GB - Rainbow Blue,"EGP 3,980.00","EGP 4,090.00",3%,
OPPO Reno 6 - 6.4-inch 128GB/8GB Dual SIM 4G Mobile Phone - Aurora,"EGP 6,475.00","EGP 6,850.00",5%,
realme C11(2021)- 6.5-inch 32GB/2GB Dual SIM 4G Mobile Phone - Lake Blue,"EGP 1,985.00","EGP 2,100.00",5%,"3.5 out of 5
(2)"
realme C21 Y - 6.5-inch 64GB/4GB Dual SIM 4G Mobile Phone - Cross Blue,"EGP 2,750.00",,,"4.3 out of 5
(3)"
OPPO A74 - 6.43-inch 128GB/6GB Dual SIM 4G Mobile Phone - Midnight Blue,"EGP 4,650.00",,,
realme C21 Y - 6.5-inch 64GB/4GB Dual SIM 4G Mobile Phone - Cross Black,"EGP 2,750.00",,,"5 out of 5
(1)"
Vivo Y21 - 6.51 Inches - 4GB RAM/64GB ROM - Metallic Blue,"EGP 3,290.00","EGP 3,620.00",9%,
OPPO Reno3 - 6.4-inch 128GB/8GB Mobile Phone - Auroral Blue,"EGP 5,999.00",,,"4.8 out of 5
(55)"
OPPO A74-6.44-inch 128GB/6GB Dual SIM 4G Mobile Phone - Prism Black,"EGP 4,604.00","EGP 4,999.00",8%,"5 out of 5
(3)"
realme C21 Y - 6.5-inch 64GB/4GB Dual SIM 4G Mobile Phone - Cross Blue,"EGP 2,590.00","EGP 2,999.00",14%,
Samsung Galaxy A32 – 6.4-inch 6GB/128GB LTE Mobile Phone - Awesome Black,"EGP 4,750.00","EGP 4,999.00",5%,"4.5 out of 5
(11)"
OPPO A94 - 6.4-inch 128GB/8GB Dual SIM 4G Mobile Phone - Fantastic Purple,"EGP 5,390.00",,,Eligible for Free Shipping
realme C11(2021)- 6.52-inch 32GB/2GB Dual SIM 4G Mobile Phone - Iron Grey,"EGP 1,980.00","EGP 2,199.00",10%,
realme C25 S - 6.5-inch 64GB/4GB Dual SIM Mobile Phone -Water Grey,"EGP 2,915.00","EGP 2,999.00",3%,"4 out of 5
(1)"
realme C25 S - 6.5-inch 64GB/4GB Dual SIM Mobile Phone -Water Grey,"EGP 2,915.00","EGP 2,999.00",3%,"4 out of 5
(1)"
realme C11(2021)- 6.52-inch 32GB/2GB Dual SIM 4G Mobile Phone - Iron Grey,"EGP 1,980.00","EGP 2,199.00",10%,
OPPO A94 - 6.4-inch 128GB/8GB Dual SIM 4G Mobile Phone - Fantastic Purple,"EGP 5,390.00",,,Eligible for Free Shipping
Samsung Galaxy A32 – 6.4-inch 6GB/128GB LTE Mobile Phone - Awesome Black,"EGP 4,750.00","EGP 4,999.00",5%,"4.5 out of 5
(11)"
realme C21 Y - 6.5-inch 64GB/4GB Dual SIM 4G Mobile Phone - Cross Blue,"EGP 2,590.00","EGP 2,999.00",14%,
OPPO A74-6.44-inch 128GB/6GB Dual SIM 4G Mobile Phone - Prism Black,"EGP 4,604.00","EGP 4,999.00",8%,"5 out of 5
(3)"
OPPO Reno3 - 6.4-inch 128GB/8GB Mobile Phone - Auroral Blue,"EGP 5,999.00",,,"4.8 out of 5
(55)"
Vivo Y21 - 6.51 Inches - 4GB RAM/64GB ROM - Metallic Blue,"EGP 3,290.00","EGP 3,620.00",9%,
realme C25s - 6.5-inch 64GB/4GB Dual SIM Mobile Phone -Water Grey,"EGP 3,049.00","EGP 3,199.00",5%,"5 out of 5
(1)"
Samsung Galaxy A02 - 6.5-inch 32GB/3GB Dual SIM 4G Mobile Phone - Blue,"EGP 2,390.00","EGP 2,450.00",2%,
Huawei Nova 7i - 6.4-inch 128GB/8GB Dual SIM 4G Mobile Phone - Skyline Gray,"EGP 4,999.00",,,"5 out of 5
(2)"
Samsung Galaxy S21 Ultra - 6.8-inch 256GB/12GB Dual SIM 5G Mobile Phone - Phantom Silver,"EGP 22,199.00",,,"5 out of 5
(1)"
Infinix Smart 6 - 6.6-inch 32GB/2GB Dual SIM Mobile Phone-Polar Black,"EGP 1,799.00","EGP 1,999.00",10%,"5 out of 5
(1)"
Vivo V21 8GB Ram 128GB - Dusk Blue,"EGP 5,888.00","EGP 6,333.00",7%,
Samsung Galaxy A02 - 6.5-inch 32GB/3GB Dual Sim Mobile Phone - Blue,"EGP 2,299.00","EGP 2,530.00",9%,"4.3 out of 5
(3)"
Tecno N9 - 5 Inch - 16G - 1G Ram - 4G LTE Super Mobile Phone - White,"EGP 1,299.00","EGP 2,999.00",57%,
Infinix Hot 11s - 6.7-inch 128GB/4GB Dual SIM Mobile Phone - Green Wave,"EGP 3,065.00","EGP 3,500.00",12%,"4.5 out of 5
(4)"
Samsung A12 - 6.5-inch 4GB RAM - 128GB Mobile Phone- Black,"EGP 3,279.00","EGP 3,610.00",9%,"3.5 out of 5
(2)"
realme 6.4-inch 128GB/8GB Dual SIM 4G Mobile Phone - Cyber Black,"EGP 4,800.00",,,"5 out of 5
(1)"
Huawei Nova 9 - 6.57-inch 128GB/8GB Dual SIM Mobile Phone - Black + Freelace Wireless Earbuds + Scale 3,"EGP 9,849.00",,,Official Store
OPPO Reno 6 - 6.4-inch 128GB/8GB Dual SIM 4G Mobile Phone - Stellar Black,"EGP 6,440.00","EGP 8,666.00",26%,"4.3 out of 5
(21)"
Samsung Galaxy A03s - 6.5-inch 64GB/4GB Dual Sim 4G Mobile Phone - White,"EGP 2,699.00","EGP 2,970.00",9%,"5 out of 5
(1)"
Samsung Galaxy A12 - 6.5-inch 128GB/4GB Dual SIM Mobile Phone - Black,"EGP 3,324.00","EGP 3,555.00",6%,
Honor 50 Lite - 8GB RAM - 128GB - Deep Sea Blue,"EGP 5,990.00","EGP 6,100.00",2%,
"OPPO Reno5 5G 8GB RAM, 128GB - Galactic Silver","EGP 6,899.00",,,
Samsung Galaxy A52 - 6.5-inch 256GB/8GB Dual Sim 4G Mobile Phone - Awesome Black,"EGP 7,025.00","EGP 7,444.00",6%,"4.5 out of 5
(34)"
Samsung A12 - 6.5-inch 4GB RAM - 128GB Mobile Phone- Blue,"EGP 3,279.00","EGP 3,610.00",9%,
Samsung Galaxy A12 - 6.5-inch 128GB/4GB Dual SIM Mobile Phone - White,"EGP 3,333.00","EGP 3,555.00",6%,
"Vivo Y1s Dual SIM Mobile Phone, 6.22 Inch, 2 GB RAM, 32 GB , 4G LTE - Aurora Blue","EGP 1,849.00","EGP 1,999.00",8%,"5 out of 5
(1)"
Xaomi XIAOMI Redmi 10 - 6.5-inch 128GB/4GB Dual SIM Mobile Phone - Carbon Gray,"EGP 3,425.00","EGP 3,600.00",5%,
Samsung Galaxy A52s - 6.5-inch 128GB/8GB Dual Sim 5G Mobile Phone - Awesome Violet,"EGP 6,998.00","EGP 8,500.00",18%,
"Vivo Y12s Dual SIM  6.51 Inch, 3 GB RAM, 32 GB , 4G LTE -Phantom Black","EGP 2,475.00","EGP 2,666.00",7%,
Samsung Galaxy A52 - 6.5-inch 128GB/8GB Dual Sim 4G Mobile Phone - Awesome Blue,"EGP 6,699.00","EGP 7,370.00",9%,
Vivo Y53s -  6.58 Inches - 8GB RAM/128GB ROM - Fantastic Rainbow,"EGP 4,385.00","EGP 4,999.00",12%,
Samsung Galaxy A72 - 6.7-inch 256GB/8GB Dual Sim 4G Mobile Phone - Awesome Violet,"EGP 9,200.00",,,
OPPO Reno6 5G - 6.4-inch 128GB/8GB Dual SIM Mobile Phone - Aurora,"EGP 9,690.00",,,Eligible for Free Shipping
OPPO A16 - 6.52-inch 32GB/3GB Dual SIM Mobile Phone - Pearl Blue,"EGP 2,839.00","EGP 3,500.00",19%,
OPPO Reno6 5G - 6.4-inch 128GB/8GB Dual SIM Mobile Phone - Stellar Black,"EGP 9,690.00",,,Eligible for Free Shipping
Samsung Galaxy A52 - 8GB RAM - 128GB - Awesome Black,"EGP 6,699.00","EGP 7,370.00",9%,
realme C25s - 6.5-inch 64GB/4GB Dual SIM Mobile Phone -Water Grey,"EGP 3,099.00",,,
"Vivo Y1s Dual SIM Mobile Phone, 6.22 Inch, 2 GB RAM, 32 GB , 4G LTE - Olive Black","EGP 2,000.00",,,"2 out of 5
(1)"
XIAOMI Redmi Note 10S - 6.43-inch 128GB/6GB Dual Sim 4G Mobile Phone - Ocean Blue,"EGP 4,500.00","EGP 4,700.00",4%,
Samsung Galaxy A72 - 6.7-inch 128GB/8GB Dual Sim 4G Mobile Phone - Awesome Blue,"EGP 7,199.00","EGP 8,000.00",10%,"4 out of 5
(9)"
"OPPO A94 Dual SIM Mobile Phone - 6.43 Inches, 4G LTE - Fluid Black","EGP 5,175.00","EGP 5,350.00",3%,
Vivo V21e - 6.44 Inches - 8GB RAM/128GB ROM Mobile Phone - Diamond Flare,"EGP 5,025.00","EGP 5,444.00",8%,"5 out of 5
(1)"
Samsung Galaxy M52 - 6.7-inch 128GB/8GB Dual SIM 5G Mobile Phone - Light Blue,"EGP 7,555.00","EGP 7,999.00",6%,
Samsung Galaxy A52s- 6.5-inch 256GB/8GB Dual Sim 5G Mobile Phone - Awesome Black,"EGP 7,999.00","EGP 8,499.00",6%,Eligible for Free Shipping
Infinix Note 10 -  6.95-inch 128GB 6GB Dual SIM 4G Mobile Phone - Purple,"EGP 3,260.00","EGP 3,599.00",9%,"4.4 out of 5
(9)"
Infinix Note 10 -  6.95-inch 128GB 6GB Dual SIM 4G Mobile Phone - Purple,"EGP 3,260.00","EGP 3,599.00",9%,"4.4 out of 5
(9)"
Samsung Galaxy A52s- 6.5-inch 256GB/8GB Dual Sim 5G Mobile Phone - Awesome Black,"EGP 7,999.00","EGP 8,499.00",6%,Eligible for Free Shipping
Samsung Galaxy M52 - 6.7-inch 128GB/8GB Dual SIM 5G Mobile Phone - Light Blue,"EGP 7,555.00","EGP 7,999.00",6%,
Vivo V21e - 6.44 Inches - 8GB RAM/128GB ROM Mobile Phone - Diamond Flare,"EGP 5,025.00","EGP 5,444.00",8%,"5 out of 5
(1)"
"OPPO A94 Dual SIM Mobile Phone - 6.43 Inches, 4G LTE - Fluid Black","EGP 5,175.00","EGP 5,350.00",3%,
Samsung Galaxy A72 - 6.7-inch 128GB/8GB Dual Sim 4G Mobile Phone - Awesome Blue,"EGP 7,199.00","EGP 8,000.00",10%,"4 out of 5
(9)"
XIAOMI Redmi Note 10S - 6.43-inch 128GB/6GB Dual Sim 4G Mobile Phone - Ocean Blue,"EGP 4,500.00","EGP 4,700.00",4%,
"Vivo Y1s Dual SIM Mobile Phone, 6.22 Inch, 2 GB RAM, 32 GB , 4G LTE - Olive Black","EGP 2,000.00",,,"2 out of 5
(1)"
realme C11(2021)- 6.52-inch 32GB/2GB Dual SIM 4G Mobile Phone - Iron Grey,"EGP 1,999.00","EGP 2,221.00",10%,"3.5 out of 5
(2)"
OPPO A16 - 6.52-inch 32GB/3GB Dual SIM Mobile Phone - Crystal Black,"EGP 3,090.00",,,
"OPPO A54 Dual SIM Mobile Phone - 6.51 Inch, 128 GB, 4 GB RAM, 4G LTE - Crystal Black","EGP 3,790.00",,,
Vivo Y53s -6.58 Inches - 8GB RAM/128GB ROM -  Deep Sea Blue,"EGP 4,590.00","EGP 5,050.00",9%,"5 out of 5
(1)"
realme C11(2021)- 6.52-inch 32GB/2GB Dual SIM 4G Mobile Phone - Lake Blue,"EGP 1,990.00","EGP 2,228.00",11%,
Vivo Y33s - 4GB RAM - 128GB - Mirror Black,"EGP 3,790.00","EGP 4,170.00",9%,
Samsung Galaxy A72 - 6.7-inch 256GB/8GB Dual Sim 4G Mobile Phone - Awesome Violet,"EGP 8,110.00","EGP 8,444.00",4%,"5 out of 5
(1)"
Vivo Y21 - 6.5 Inches - 4GB RAM/64GB ROM - Metallic Blue,"EGP 3,130.00","EGP 3,299.00",5%,
"Vivo Y1s Dual SIM Mobile Phone, 6.22 Inch, 2 GB RAM, 32 GB , 4G LTE - Olive Black","EGP 1,849.00","EGP 1,999.00",8%,"5 out of 5
(1)"
Samsung Galaxy A12 - 6.5-inch 64GB/4GB Dual SIM Mobile Phone - White,"EGP 3,012.00","EGP 3,100.00",3%,
OPPO Reno6 5G - 6.4-inch 128GB/8GB Dual SIM Mobile Phone - Aurora,"EGP 9,700.00",,,
OPPO A94 - 6.43-inch 128GB/8GB Dual SIM Mobile Phone - Fantastic Purple,"EGP 5,390.00",,,
Samsung Galaxy A12 - 6.5-inch 64GB/4GB Dual SIM Mobile Phone - Blue,"EGP 3,012.00","EGP 3,100.00",3%,
OPPO A16 - 6.52-inch 64GB/4GB Dual SIM Mobile Phone - Crystal Black + FREE EARPHONE,"EGP 3,325.00","EGP 3,400.00",2%,
OPPO A74 - 6.44-inch 128GB/6GB Dual SIM 4G Mobile Phone - Prism Black,"EGP 4,790.00",,,Eligible for Free Shipping
OPPO A16 - 6.52-inch 32GB/3GB Dual SIM Mobile Phone - Pearl Blue,"EGP 2,890.00",,,Eligible for Free Shipping
Samsung Galaxy A12 - 6.5-inch 128GB/4GB Dual SIM Mobile Phone - Blue,"EGP 3,324.00","EGP 3,555.00",6%,"5 out of 5
(3)"
Samsung Galaxy M12 - 6.5-inch 64GB/4GB Dual Sim 4G Mobile Phone -Light Blue,"EGP 2,777.00","EGP 3,199.00",13%,
Samsung Galaxy A52 - 6.5-inch 128GB/8GB Dual Sim 4G Mobile Phone - Awesome White,"EGP 6,260.00","EGP 6,666.00",6%,"5 out of 5
(2)"
realme C21 Y - 6.5-inch 64GB/4GB Dual SIM 4G Mobile Phone - Cross Black + FREE EARPHONE,"EGP 2,595.00","EGP 2,666.00",3%,"5 out of 5
(1)"
Samsung Galaxy M52 - 6.7-inch 128GB/8GB Dual SIM 5G Mobile Phone -Black,"EGP 7,555.00","EGP 7,999.00",6%,
Samsung Galaxy A52 - 6.5-inch 256GB/8GB Dual Sim 4G Mobile Phone -  Awesome White,"EGP 7,025.00","EGP 7,444.00",6%,"5 out of 5
(1)"
OPPO A16 - 32GB/3GB Dual SIM Mobile Phone - Crystal Black,"EGP 2,810.00","EGP 3,500.00",20%,
realme C25s - 6.5-inch 64GB/4GB Dual SIM Mobile Phone - Water Blue,"EGP 3,049.00","EGP 3,199.00",5%,"3 out of 5
(1)"
Samsung Galaxy A52s/ 6.5-inch 128GB/8GB Dual Sim 5G Mobile Phone - Awesome Mint,"EGP 7,170.00","EGP 8,500.00",16%,
OPPO A16 - 6.52-inch 32GB/3GB Dual SIM Mobile Phone - Pearl Blue,"EGP 2,889.00","EGP 3,180.00",9%,
Itel P36 PLAY - Mobile Phone -  Purple- 32 GB -2 GB - Android,"EGP 1,440.00",,,
realme 8  - 6.4-inch 128GB/8GB Dual SIM 4G Mobile Phone - Cyber Silver,"EGP 4,690.00","EGP 5,100.00",8%,
OPPO A16 - 6.52-inch 32GB/3GB Dual SIM Mobile Phone - Pearl Blue,"EGP 3,250.00",,,
realme C21 Y - 6.5-inch 64GB/4GB Dual SIM 4G Mobile Phone - Cross Black,"EGP 2,550.00","EGP 2,899.00",12%,
XIAOMI Redmi Note 10S - 6.43-inch 128GB/6GB Dual Sim 4G Mobile Phone - Onyx Gray,"EGP 4,399.00","EGP 4,840.00",9%,"4 out of 5
(1)"
Redmi 9A - 6.53-inch 32GB/2G Dual Sim 4G Mobile Phone - Sky Blue,"EGP 1,920.00","EGP 1,999.00",4%,
Samsung Galaxy A32 - 6.4-inch 128GB/6GB Dual SIM Mobile Phone - Awesome Black,"EGP 4,920.00",,,
Honor 50 5G - 8GB RAM - 256GB - Deep Sea Blue,"EGP 8,700.00","EGP 9,500.00",8%,
realme 8  - 6.5-inch 128GB/6B Dual SIM 5G Mobile Phone - Supersonic Blue,"EGP 4,443.00","EGP 5,000.00",11%,
Samsung Galaxy A12 - 6.5-inch 128GB/4GB Dual SIM Mobile Phone - White,"EGP 3,180.00","EGP 3,590.00",11%,
Samsung Galaxy M12 - 6.5-inch 128GB/4GB Dual Sim 4G Mobile Phone - Blue,"EGP 3,300.00",,,
realme C21 Y - 6.5-inch 64GB/4GB Dual SIM 4G Mobile Phone - Cross Blue,"EGP 2,550.00","EGP 2,899.00",12%,"5 out of 5
(1)"
Honor 50 Lite - 8GB RAM - 128GB - Deep Sea Blue,"EGP 7,800.00","EGP 9,500.00",18%,
Itel P36 PLAY - Mobile Phone -  BLUE -32 GB -2 GB - Android,"EGP 1,440.00",,,
Itel P36 PLAY - Mobile Phone -  BLUE -32 GB -2 GB - Android,"EGP 1,440.00",,,
Honor 50 Lite - 8GB RAM - 128GB - Deep Sea Blue,"EGP 7,800.00","EGP 9,500.00",18%,
realme C21 Y - 6.5-inch 64GB/4GB Dual SIM 4G Mobile Phone - Cross Blue,"EGP 2,550.00","EGP 2,899.00",12%,"5 out of 5
(1)"
Samsung Galaxy M12 - 6.5-inch 128GB/4GB Dual Sim 4G Mobile Phone - Blue,"EGP 3,300.00",,,
Samsung Galaxy A12 - 6.5-inch 128GB/4GB Dual SIM Mobile Phone - White,"EGP 3,180.00","EGP 3,590.00",11%,
realme 8  - 6.5-inch 128GB/6B Dual SIM 5G Mobile Phone - Supersonic Blue,"EGP 4,443.00","EGP 5,000.00",11%,
Honor 50 5G - 8GB RAM - 256GB - Deep Sea Blue,"EGP 8,700.00","EGP 9,500.00",8%,
Samsung Galaxy A32 - 6.4-inch 128GB/6GB Dual SIM Mobile Phone - Awesome Black,"EGP 4,920.00",,,
realme C25Y - 6.5-inch 64GB/4GB Dual SIM Mobile Phone -Metal Grey,"EGP 3,180.00",,,
Samsung Galaxy A12 - 6.5-inch 64GB/4GB Dual SIM Mobile Phone - Black,"EGP 2,950.00","EGP 3,500.00",16%,
Samsung Galaxy A52 - 6.5-inch 256GB/8GB Dual Sim 4G Mobile Phone - Awesome Blue,"EGP 7,025.00","EGP 7,444.00",6%,"4.3 out of 5
(28)"
"Vivo Y1s Dual SIM Mobile Phone, 6.22 Inch, 2 GB RAM, 32 GB , 4G LTE - Aurora Blue","EGP 1,848.00","EGP 2,500.00",26%,
OPPO A55 - 6.51-inch 64GB/4GB Dual SIM 4G Mobile Phone - Starry Black,"EGP 3,775.00","EGP 4,190.00",10%,
Vivo Y21 - 6.5 Inches - 4GB RAM/64GB ROM - Metallic Blue,"EGP 3,250.00","EGP 3,500.00",7%,
Vivo Y15s - 6.51 Inch 32GB/3GB Dual SIM 4G Mobile Phone -Mystic Blue,"EGP 2,488.00","EGP 2,799.00",11%,
XIAOMI Redmi Note 10S - 6.43-inch 128GB/6GB Dual Sim 4G Mobile Phone - Ocean Blue,"EGP 4,390.00","EGP 4,600.00",5%,
OPPO A94 - 6.4-inch 128GB/8GB Dual SIM 4G Mobile Phone - Fluid Black,"EGP 5,390.00",,,Eligible for Free Shipping
Samsung A52- 6.5-inch 256GB/8GB Dual Sim 4G Mobile Phone - Awesome Blue,"EGP 7,399.00","EGP 7,777.00",5%,"5 out of 5
(1)"
XIAOMI Redmi Note 10S - 6.43-inch 128GB/6GB Dual Sim 4G Mobile Phone - Ocean Blue,"EGP 4,390.00","EGP 4,500.00",2%,
Vivo Y53s -6.58 Inches - 8GB RAM/128GB ROM -  Deep Sea Blue,"EGP 4,385.00","EGP 4,999.00",12%,
Samsung Galaxy A52 - 6.5-inch 128GB/8GB Dual Sim 4G Mobile Phone - Awesome Black,"EGP 6,620.00",,,
XIAOMI Redmi Note 10S - 6.43-inch 128GB/6GB Dual Sim 4G Mobile Phone - Onyx Gray,"EGP 4,747.00","EGP 4,999.00",5%,
Redmi 9A - 6.53-inch 32GB/2G Dual Sim 4G Mobile Phone - Granite Grey,"EGP 1,920.00","EGP 2,250.00",15%,
Samsung Galaxy A52 - 6.5-inch 128GB/8GB Dual Sim 4G Mobile Phone - Awesome Blue,"EGP 6,900.00","EGP 7,000.00",1%,
XIAOMI Redmi 9C - 6.53-inch 64GB/3GB Dual SIM 4G Mobile Phone - Midnight Gray,"EGP 2,999.00",,,
Vivo Y12s - 6.51-inch 32GB/2GB Dual SIM Mobile Phone - Glacier Blue,"EGP 2,475.00","EGP 2,666.00",7%,
Samsung Galaxy A52s- 6.5-inch 128GB/8GB Dual Sim 5G Mobile Phone - Awesome Black,"EGP 7,170.00","EGP 8,999.00",20%,
"Vivo Y12s Dual SIM Mobile Phone, 6.51 Inch, 3 GB RAM, 32 GB , 4G LTE - Glacier Blue","EGP 2,590.00","EGP 2,850.00",9%,"3 out of 5
(1)"
Samsung Galaxy A52s- 6.5-inch 256GB /8GB Dual Sim 5G Mobile Phone - Awesome Black,"EGP 8,050.00",,,
Huawei Y6p - 6.3-inch 64GB/3GB 4G Mobile Phone - Emerald Green,"EGP 2,494.00","EGP 3,500.00",29%,"4.6 out of 5
(11)"
CAT S61 - 5.2-Inch 64 GB Mobile Phone - Black,"EGP 26,666.00",,,
"Iku X1 Dual SIM, 3GB RAM,64GB ROM-4G-Blue","EGP 2,639.00",,,
Infinix Hot 11- 6.6-inch 64GB/4GB Dual SIM Mobile Phone -7 Purple,"EGP 2,574.00","EGP 2,699.00",5%,
OPPO A94 - 6.4-inch 128GB/8GB Dual SIM 4G Mobile Phone - Fluid Black With Vehicle Phone Holder Gift,"EGP 5,390.00",,,Eligible for Free Shipping
Samsung Galaxy A03s - 6.5-inch 64GB/4GB Dual Sim 4G Mobile Phone - White,"EGP 2,626.00","EGP 2,850.00",8%,
Samsung Galaxy A12 - 6.5-inch 64GB/4GB Dual SIM Mobile Phone - Black,"EGP 2,777.00","EGP 3,499.00",21%,"4 out of 5
(1)"
OPPO A15 - 6.52-Inch 32GB/2GB Dual Sim Mobile Phone - Mystery Blue,"EGP 2,550.00","EGP 2,599.00",2%,"4.4 out of 5
(27)"
"OPPO A54 Dual SIM Mobile Phone - 6.51 Inch, 128 GB, 4 GB RAM, 4G LTE - Crystal Black","EGP 3,651.00",,,
XIAOMI Redmi Note 10S - 6.43-inch 128GB/8GB Dual Sim 4G Mobile Phone - Onyx Gray,"EGP 4,750.00","EGP 5,499.00",14%,
realme C25Y - 6.5-inch 64GB/4GB Dual SIM Mobile Phone -Glacier Blue,"EGP 2,933.00","EGP 3,199.00",8%,
XIAOMI Redmi 10 - 6.5-inch 128GB/6GB Dual SIM Mobile Phone - Pebble White,"EGP 3,660.00","EGP 3,700.00",1%,Eligible for Free Shipping
"OPPO A94 Dual SIM Mobile Phone - 6.43 Inches, 4G LTE - Fluid Black","EGP 5,640.00",,,
XIAOMI Redmi Note 10S - 6.43-inch 128GB/6GB Dual Sim 4G Mobile Phone - Ocean Blue,"EGP 4,399.00","EGP 4,840.00",9%,
OPPO A55 - 6.51-inch 64GB/4GB Dual SIM 4G Mobile Phone - Starry Black,"EGP 3,975.00",,,
Redmi 9A - 6.53-inch 32GB/2GB Dual Sim 4G Mobile Phone - Sky Blue,"EGP 2,100.00","EGP 2,500.00",16%,
OPPO A94 - 6.4-inch 128GB/8GB Dual SIM 4G Mobile Phone - Fluid Black,"EGP 5,250.00","EGP 5,390.00",3%,
realme C21 Y - 6.5-inch 64GB/4GB Dual SIM 4G Mobile Phone - Cross Black,"EGP 2,590.00","EGP 2,999.00",14%,
realme C11(2021)- 6.5-inch 32GB/2GB Dual SIM 4G Mobile Phone - Lake Blue+Free Earphone,"EGP 2,000.00","EGP 2,100.00",5%,
realme C11(2021)- 6.5-inch 32GB/2GB Dual SIM 4G Mobile Phone - Lake Blue+Free Earphone,"EGP 2,000.00","EGP 2,100.00",5%,
realme C21 Y - 6.5-inch 64GB/4GB Dual SIM 4G Mobile Phone - Cross Black,"EGP 2,590.00","EGP 2,999.00",14%,
OPPO A94 - 6.4-inch 128GB/8GB Dual SIM 4G Mobile Phone - Fluid Black,"EGP 5,250.00","EGP 5,390.00",3%,
Redmi 9A - 6.53-inch 32GB/2GB Dual Sim 4G Mobile Phone - Sky Blue,"EGP 2,100.00","EGP 2,500.00",16%,
OPPO A55 - 6.51-inch 64GB/4GB Dual SIM 4G Mobile Phone - Starry Black,"EGP 3,975.00",,,
XIAOMI Redmi Note 10S - 6.43-inch 128GB/6GB Dual Sim 4G Mobile Phone - Ocean Blue,"EGP 4,399.00","EGP 4,840.00",9%,
"OPPO A94 Dual SIM Mobile Phone - 6.43 Inches, 4G LTE - Fluid Black","EGP 5,640.00",,,
XIAOMI Redmi 10 - 6.5-inch 128GB/6GB Dual SIM Mobile Phone - Pebble White,"EGP 3,660.00","EGP 3,700.00",1%,Eligible for Free Shipping
Vivo V21e - 6.44 Inches - 8GB RAM/128GB ROM Mobile Phone - Black,"EGP 5,025.00","EGP 5,444.00",8%,
OPPO A55 - 6.51-inch 128GB/4GB Dual SIM 4G Mobile Phone - Rainbow Blue,"EGP 4,040.00","EGP 4,444.00",9%,
Samsung Galaxy Tab A 10.1 (2019) - 10.1-inch 32GB/2GB Single SIM 4G Tablet - Silver,"EGP 4,333.00","EGP 4,888.00",11%,Official Store
Samsung Galaxy A52 - 8GB RAM - 128GB - Awesome White,"EGP 6,620.00",,,
OPPO A16 - 6.52-inch 32GB/3GB Dual SIM Mobile Phone  - Crystal Black,"EGP 3,250.00",,,
OPPO A94 - 6.43-inch 128GB/8GB Dual SIM Mobile Phone - Fluid Black,"EGP 5,210.00","EGP 5,999.00",13%,"4.6 out of 5
(5)"
Samsung Galaxy A72 / 6.7-inch 256GB/8GB Dual SIM 4G Mobile Phone - Awesome Blue,"EGP 8,555.00","EGP 9,200.00",7%,
OPPO A16 - 6.52-inch 32GB/3GB Dual SIM Mobile Phone - Crystal Black,"EGP 2,799.00","EGP 3,190.00",12%,
OPPO A16 - 6.52-inch 64GB/4GB Dual SIM 4G Mobile Phone - Crystal Black,"EGP 3,299.00",,,
Samsung Galaxy A52 - 8GB RAM - 128GB - Awesome Violet,"EGP 6,699.00","EGP 7,370.00",9%,
"XIAOMI 11 Lite 5G NE Dual SIM - 6.55 Inches, 256GB ,8 GB RAM, 5G, Snowflake White","EGP 7,499.00","EGP 8,398.00",11%,
realme C25Y - 6.5-inch 128GB/4GB Dual SIM Mobile Phone -Glacier Blue,"EGP 3,288.00","EGP 3,777.00",13%,
Samsung Galaxy A52 - 6.5-inch 128GB/8GB Dual Sim 4G Mobile Phone - Awesome Black,"EGP 6,620.00",,,
OPPO A55 - 6.51-inch 128GB/4GB Dual SIM 4G Mobile Phone - Starry Black,"EGP 4,040.00","EGP 4,444.00",9%,
realme C11(2021)- 6.52-inch 32GB/2GB Dual SIM 4G Mobile Phone - Iron Grey +FREE EARPHONE,"EGP 2,000.00","EGP 2,100.00",5%,
OPPO A16 - 32GB/3GB Dual SIM 4G Mobile Phone - Pearl Blue,"EGP 2,810.00","EGP 3,500.00",20%,
Samsung Galaxy A52 - 6.5-inch 256GB/8GB Dual Sim 4G Mobile Phone - Awesome Blue,"EGP 7,550.00","EGP 9,200.00",18%,
Samsung Galaxy A52s- 6.5-inch 256GB /8GB Dual Sim 5G Mobile Phone - Awesome Black,"EGP 7,999.00","EGP 9,000.00",11%,
realme 8   - 6.4-inch 128GB/8GB Dual SIM 4G Mobile Phone - Cyber Silver,"EGP 4,669.00","EGP 4,700.00",1%,
Samsung Galaxy A52 - 6.5-inch 256GB/8GB Dual Sim 4G Mobile Phone - Awesome Violet,"EGP 7,499.00","EGP 8,250.00",9%,"4.5 out of 5
(2)"
realme C25Y - 6.5-inch 64GB/4GB Dual SIM Mobile Phone -Metal Grey,"EGP 2,933.00","EGP 3,199.00",8%,
Infinix Smart 6 - 6.6-inch 32GB/2GB Dual SIM Mobile Phone - Heart Of Ocean,"EGP 1,818.00","EGP 1,990.00",9%,Eligible for Free Shipping
realme C11(2021)- 6.52-inch 32GB/2GB Dual SIM 4G Mobile Phone - Iron Grey,"EGP 2,050.00",,,
XIAOMI Redmi Note 10S - 6.43-inch 128GB/8GB Dual Sim 4G Mobile Phone - Ocean Blue,"EGP 4,800.00","EGP 4,900.00",2%,
OPPO A54 - 6.51-inch 128GB/4GB Dual SIM 4G Mobile Phone - Crystal Black,"EGP 3,625.00","EGP 3,999.00",9%,
OPPO A16 - 6.52-inch 32GB/3GB Dual SIM 4G Mobile Phone - Pearl Blue,"EGP 2,940.00",,,
realme C11(2021)- 6.52-inch 32GB/2GB Dual SIM 4G Mobile Phone - Iron Grey,"EGP 2,222.00",,,
Vivo Y12s - 6.51-inch 32GB/2GB Dual SIM Mobile Phone - Glacier Blue,"EGP 2,483.00","EGP 3,000.00",17%,
OPPO A94 - 6.43-inch 128GB/8GB Dual SIM Mobile Phone - Fantastic Purple,"EGP 5,390.00","EGP 5,930.00",9%,"3 out of 5
(1)"
Vivo Y21 - 6.51 Inches - 4GB RAM/64GB ROM - Metallic Blue,"EGP 3,399.00",,,
"Vivo Y12s Dual SIM Mobile Phone, 6.51 Inch, 3 GB RAM, 32 GB , 4G LTE - Phantom Black","EGP 2,499.00",,,
"XIAOMI 11 Lite 5G NE Dual SIM - 6.55 Inches, 256GB ,8 GB RAM, 5G, Peach Pink","EGP 7,499.00","EGP 8,398.00",11%,
realme C21 Y - 6.5-inch 64GB/4GB Dual SIM 4G Mobile Phone - Cross Blue + FREE EARPHONE,"EGP 2,595.00","EGP 2,666.00",3%,
Samsung Galaxy A22- 6.4-inch 64GB/4GB Dual SIM Mobile Phone - Violet,"EGP 3,699.00","EGP 4,070.00",9%,
Vivo Y33s - 6.58 Inches - 4GB RAM/128GB ROM - Midday Dream,"EGP 3,699.00","EGP 3,990.00",7%,
realme C25Y - 6.5-inch 64GB/4GB Dual SIM Mobile Phone -Glacier Blue,"EGP 3,180.00",,,
realme C25Y - 6.5-inch 128GB/4GB Dual SIM Mobile Phone -Metal Grey,"EGP 4,000.00","EGP 5,000.00",20%,
realme C11(2021)- 6.52-inch 32GB/2GB Dual SIM 4G Mobile Phone - Iron Grey,"EGP 1,999.00",,,
realme C11(2021)- 6.52-inch 32GB/2GB Dual SIM 4G Mobile Phone - Lake Blue,"EGP 2,050.00",,,
Samsung Galaxy A12 - 6.5-inch 64GB/4GB Dual SIM Mobile Phone - White,"EGP 2,828.00","EGP 3,499.00",19%,
Samsung Galaxy A12 - 6.5-inch 64GB/4GB Dual SIM Mobile Phone - White,"EGP 2,828.00","EGP 3,499.00",19%,
realme C11(2021)- 6.52-inch 32GB/2GB Dual SIM 4G Mobile Phone - Lake Blue,"EGP 2,050.00",,,
realme C11(2021)- 6.52-inch 32GB/2GB Dual SIM 4G Mobile Phone - Iron Grey,"EGP 1,999.00",,,
realme C25Y - 6.5-inch 128GB/4GB Dual SIM Mobile Phone -Metal Grey,"EGP 4,000.00","EGP 5,000.00",20%,
realme C25Y - 6.5-inch 64GB/4GB Dual SIM Mobile Phone -Glacier Blue,"EGP 3,180.00",,,
Vivo Y33s - 6.58 Inches - 4GB RAM/128GB ROM - Midday Dream,"EGP 3,699.00","EGP 3,990.00",7%,
Samsung Galaxy A22- 6.4-inch 64GB/4GB Dual SIM Mobile Phone - Violet,"EGP 3,699.00","EGP 4,070.00",9%,
realme C21 Y - 6.5-inch 64GB/4GB Dual SIM 4G Mobile Phone - Cross Blue + FREE EARPHONE,"EGP 2,595.00","EGP 2,666.00",3%,
Samsung Galaxy A12 - 6.5-inch 64GB/4GB Dual SIM Mobile Phone - Black,"EGP 2,828.00","EGP 3,499.00",19%,
Vivo Y33s - 6.58 Inches - 4GB RAM/128GB ROM - Midday Dream,"EGP 3,790.00","EGP 4,170.00",9%,
Samsung Galaxy A52 - 6.5-inch 256GB/8GB Dual Sim 4G Mobile Phone - Awesome Blue,"EGP 7,499.00","EGP 8,250.00",9%,
Vivo Y33s-6.58 Inches-4GB RAM/128GB ROM-Mirror Black,"EGP 3,699.00","EGP 3,990.00",7%,
"viwa Pro F6 - 5.5"" - 4G Dual SIM 32GB Mobile Phone - Gold","EGP 3,800.00","EGP 4,000.00",5%,
OPPO A16 - 6.52-inch 32GB/3GB Dual SIM Mobile Phone - Crystal Black,"EGP 2,849.00","EGP 3,333.00",15%,
"Iku Mobile A35 Dual-SIM, 2GB RAM / 32GB ROM-Black","EGP 2,200.00",,,
realme C25Y - 6.5-inch 64GB/4GB Dual SIM Mobile Phone -Metal Grey,"EGP 2,930.00","EGP 3,333.00",12%,
OPPO A55 - 6.51-inch 64GB/4GB Dual SIM 4G Mobile Phone - Rainbow Blue,"EGP 3,790.00","EGP 4,170.00",9%,
Infinix Smart 6 - 6.6-inch 64GB/3GB Dual SIM Mobile Phone-Midnight Black,"EGP 2,099.00","EGP 2,222.00",6%,"3 out of 5
(1)"
OPPO A55 - 6.51-inch 64GB/4GB Dual SIM 4G Mobile Phone - Starry Black,"EGP 3,639.00","EGP 3,800.00",4%,
Samsung Galaxy A22 - 6.5-inch 128GB/4GB Dual Sim 4G Mobile Phone - Black,"EGP 3,999.00","EGP 4,400.00",9%,
OPPO A16 - 6.52-inch 32GB/3GB Dual SIM Mobile Phone - Pearl Blue,"EGP 2,850.00","EGP 3,200.00",11%,
OPPO A16 - 6.52-inch 32GB/3GB Dual SIM Mobile Phone - Pearl Blue,"EGP 3,090.00","EGP 3,200.00",3%,
Samsung Galaxy A52 - 8GB RAM - 128GB - Awesome White,"EGP 6,699.00","EGP 7,370.00",9%,
Samsung Galaxy M52 - 6.7-inch 128GB/8GB Dual SIM 5G Mobile Phone - Light Blue,"EGP 8,455.00",,,
Vivo Y33s - 4GB RAM - 128GB - Mirror Black,"EGP 3,899.00",,,
realme C25Y - 6.5-inch 64GB/4GB Dual SIM Mobile Phone -Glacier Blue,"EGP 2,930.00","EGP 3,500.00",16%,
OPPO A55 - 6.51-inch 64GB / 4GB Dual SIM 4G Mobile Phone - Rainbow Blue,"EGP 3,651.00",,,
Samsung Galaxy A52 - 6.5-inch 256GB/8GB Dual Sim 4G Mobile Phone - Awesome Black,"EGP 7,399.00",,,"5 out of 5
(1)"
Vivo Y12s - 6.51-inch 32GB/2GB Dual SIM Mobile Phone - Glacier Blue,"EGP 2,555.00","EGP 2,999.00",15%,
"Iku Mobile A70 Dual-SIM, 4GB RAM / 64GB ROM- Green","EGP 2,749.00",,,
Vivo Y53s -6.58 Inches - 8GB RAM/128GB ROM -  Deep Sea Blue,"EGP 4,599.00",,,
OPPO A16 - 6.52-inch 32GB/3GB Dual SIM Mobile Phone - Crystal Black,"EGP 2,839.00","EGP 3,500.00",19%,
Vivo Y15s - 6.51 Inch 32GB/3GB Dual SIM 4G Mobile Phone -Wave Green,"EGP 2,488.00","EGP 2,799.00",11%,
OPPO A16 - 6.52-inch 32GB/3GB Dual SIM Mobile Phone - Pearl Blue,"EGP 3,090.00","EGP 3,200.00",3%,
Vivo Y33s - 4GB RAM - 128GB - Midday Dream,"EGP 3,899.00",,,
"ZTE Blade C342 Dual SIM - 8GB, Wi-Fi, Black",EGP 600.00,,,
Vivo Y33s - 4GB RAM - 128GB - Mirror Black,"EGP 3,649.00",,,
OPPO A55 4GB Ram - 64GB - Rainbow Blue,"EGP 3,722.00","EGP 4,100.00",9%,
OPPO A55 - 6.51-inch 64GB/4GB Dual SIM 4G Mobile Phone - Rainbow Blue,"EGP 3,790.00",,,
OPPO A55 - 6.51-inch 64GB/4GB Dual SIM 4G Mobile Phone - Starry Black,"EGP 3,790.00",,,
Huawei MatePad 11 - 10.95-inch 128GB/6GB WIFI Only Tablet - Matte Gray,"EGP 8,499.00","EGP 9,520.00",11%,
Samsung Galaxy A52 - 6.5-inch 256GB/8GB Dual Sim 4G Mobile Phone - Awesome White,"EGP 7,499.00","EGP 8,250.00",9%,
OPPO A94 - 6.4-inch 128GB/8GB Dual SIM 4G Mobile Phone - Fluid Black,"EGP 5,390.00",,,
realme C21 Y - 6.5-inch 64GB/4GB Dual SIM 4G Mobile Phone - Cross Blue,"EGP 2,580.00","EGP 2,799.00",8%,"5 out of 5
(1)"
"Iku Mobile A35 Dual-SIM, 2GB RAM / 32GB ROM- Blue","EGP 2,200.00",,,
Vivo Y33s - 6.58 Inches - 4GB RAM/128GB ROM - Midday Dream,"EGP 3,649.00",,,
OPPO A55 - 6.51-inch 128GB/4GB Dual SIM 4G Mobile Phone - Rainbow Blue,"EGP 4,245.00",,,
OPPO Reno 6 - 6.4-inch 128GB/8GB Dual SIM 4G Mobile Phone - Aurora,"EGP 6,547.00",,,
OPPO Reno 6 - 6.4-inch 128GB/8GB Dual SIM 4G Mobile Phone - Aurora,"EGP 6,547.00",,,
OPPO A55 - 6.51-inch 128GB/4GB Dual SIM 4G Mobile Phone - Rainbow Blue,"EGP 4,245.00",,,
Vivo Y33s - 6.58 Inches - 4GB RAM/128GB ROM - Midday Dream,"EGP 3,649.00",,,
"Iku Mobile A35 Dual-SIM, 2GB RAM / 32GB ROM- Blue","EGP 2,200.00",,,
realme C21 Y - 6.5-inch 64GB/4GB Dual SIM 4G Mobile Phone - Cross Blue,"EGP 2,580.00","EGP 2,799.00",8%,"5 out of 5
(1)"
OPPO A94 - 6.4-inch 128GB/8GB Dual SIM 4G Mobile Phone - Fluid Black,"EGP 5,390.00",,,
Samsung Galaxy A52 - 6.5-inch 256GB/8GB Dual Sim 4G Mobile Phone - Awesome White,"EGP 7,499.00","EGP 8,250.00",9%,
Huawei MatePad 11 - 10.95-inch 128GB/6GB WIFI Only Tablet - Matte Gray,"EGP 8,499.00","EGP 9,520.00",11%,
Vivo Y53s -  6.58 Inches - 8GB RAM/128GB ROM - Fantastic Rainbow,"EGP 4,590.00","EGP 5,050.00",9%,
Vivo Y21 - 6.51 Inches - 4GB RAM/64GB ROM - Metallic Blue,"EGP 3,180.00",,,
Samsung Galaxy A03s - 6.5-inch 64GB/4GB Dual Sim 4G Mobile Phone - Black,"EGP 2,626.00","EGP 2,850.00",8%,
Vivo Y21 - 6.5 Inches - 4GB RAM/64GB ROM - Metallic Blue,"EGP 3,180.00",,,
realme C11(2021)- 6.52-inch 32GB/2GB Dual SIM 4G Mobile Phone - Lake Blue,"EGP 1,999.00",,,
Vivo Y20 - 6.51-inch 64GB/4GB Dual SIM 4G Mobile Phone - Nebula Blue,"EGP 2,775.00",,,
OPPO A16 - 6.52-inch 32GB/3GB Dual SIM Mobile Phone - Crystal Black,"EGP 2,850.00","EGP 3,200.00",11%,
Samsung Galaxy A03s - 6.5-inch 64GB/4GB Dual Sim 4G Mobile Phone - Blue,"EGP 2,626.00","EGP 2,850.00",8%,
realme C25Y - 6.5-inch 64GB/4GB Dual SIM Mobile Phone -Metal Grey,"EGP 2,930.00","EGP 3,500.00",16%,
OPPO A55 4GB Ram - 64GB - Rainbow Blue,"EGP 3,775.00","EGP 4,190.00",10%,
OPPO A16 - 6.52-inch 32GB/3GB Dual SIM Mobile Phone - Crystal Black,"EGP 3,090.00","EGP 3,200.00",3%,
Samsung Galaxy A02s - 6.5-inch 64GB/4GB Dual SIM Mobile Phone - Blue,"EGP 2,695.00",,,"4.1 out of 5
(45)"
Infinix Smart 6 - 6.6-inch 64GB/3GB Dual SIM Mobile Phone-Ocean Wave,"EGP 2,099.00","EGP 2,222.00",6%,
Samsung Galaxy A52 - 6.5-inch 128GB/8GB Dual Sim 4G Mobile Phone - Awesome Black,"EGP 6,900.00","EGP 7,000.00",1%,"1 out of 5
(1)"
"Ibrit Alpha - Dual Sim ,32 GB ,3G - Black Gold",EGP 899.00,,,
"Ibrit Alpha - Dual Sim ,32 GB ,3G - Black",EGP 899.00,,,
"ZTE Blade V7 Lite Dual Sim - 16GB, 2GB RAM, 4G LTE, Gold",EGP 999.00,,,
OPPO A55 - 6.51-inch 64GB/4GB Dual SIM 4G Mobile Phone - Rainbow Blue,"EGP 3,599.00","EGP 3,990.00",10%,
realme C25Y - 6.5-inch 64GB/4GB Dual SIM Mobile Phone -Glacier Blue,"EGP 2,930.00","EGP 3,333.00",12%,
Redmi 9A - 6.53-inch 32GB/2G Dual Sim 4G Mobile Phone - Granite Grey,"EGP 1,999.00",,,
Redmi 9A - 6.53-inch 32GB/2GB Dual Sim 4G Mobile Phone - Sky Blue,"EGP 1,999.00",,,
Vivo Y15s - 6.51 Inch 32GB/3GB Dual SIM 4G Mobile Phone -Wave Green,"EGP 2,555.00",,,
OPPO A16 - 6.52-inch 32GB/3GB Dual SIM Mobile Phone -  Pearl Blue,"EGP 2,799.00","EGP 3,190.00",12%,
OPPO A94 - 6.4-inch 128GB/8GB Dual SIM 4G Mobile Phone - Fluid Black,"EGP 5,188.00","EGP 5,800.00",11%,
XIAOMI Poco X3 GT – 6.6-inch 256GB/8GB Dual Sim 4G Mobile Phone – Wave Blue,"EGP 6,160.00","EGP 6,777.00",9%,"5 out of 5
(1)"
Samsung Galaxy A02 - 6.5-inch 32GB/3GB Dual SIM 4G Mobile Phone - Gray,"EGP 2,349.00","EGP 2,699.00",13%,"5 out of 5
(1)"
"Vivo Y12s Dual SIM  6.51 Inch, 3 GB RAM, 32 GB , 4G LTE -Glacier Blue","EGP 2,484.00","EGP 3,000.00",17%,"5 out of 5
(1)"
Samsung Galaxy A32 - 6.4-inch 128GB/6GB Dual SIM Mobile Phone - Awesome Black,"EGP 4,799.00","EGP 5,099.00",6%,"4.9 out of 5
(11)"
Huawei Y5p - 5.45-inch 32GB/2GB 4G Mobile Phone - Phantom Blue,"EGP 1,900.00","EGP 3,000.00",37%,"4 out of 5
(11)"
Infinix Note 7 Lite - 6.6-inch 64GB/4GB Dual SIM Mobile Phone - Space Gray,"EGP 2,999.00","EGP 3,999.00",25%,"4.5 out of 5
(2)"
"Vivo Y1s Dual SIM Mobile Phone, 6.22 Inch, 2 GB RAM, 32 GB , 4G LTE - Aurora Blue","EGP 1,850.00","EGP 1,999.00",7%,"5 out of 5
(1)"
Vivo Y33s-6.58 Inches-4GB RAM/128GB ROM-Mirror Black,"EGP 3,588.00","EGP 3,888.00",8%,
TCL 10 SE - 6.52 Inch Dual SIM 4G 128GB/4GB Mobile Phone - Polar Night,"EGP 2,999.00",,,"3 out of 5
(1)"
Metal Charging Safety Fast Data Cable For Android Mobiles - Micro Usb (silver),EGP 49.00,,,
Samsung Galaxy A52s- 6.5-inch 128GB/8GB Dual Sim 5G Mobile Phone - Awesome Mint,"EGP 7,111.00","EGP 7,777.00",9%,"4 out of 5
(1)"
OPPO Reno6 5G - 6.4-inch 128GB/8GB Dual SIM Mobile Phone - Aurora,"EGP 9,100.00","EGP 9,690.00",6%,"5 out of 5
(1)"
Vivo Y12s - 6.51-inch 32GB/2GB Dual SIM Mobile Phone - Glacier Blue,"EGP 2,499.00",,,
TCL 10 SE - 6.52 Inch Dual SIM 4G 128GB/4GB Mobile Phone - Polar Night,"EGP 2,666.00","EGP 2,830.00",6%,"5 out of 5
(1)"
Nokia C3 - ãæÈÇíá ËäÇÆí ÇáÔÑíÍÉ 5.99 ÈæÕÉ - 16 ÌíÌÇ/2 ÌíÌÇ - ËäÇÆí ÇáÔÑíÍÉ - ÃÒÑÞ,"EGP 1,335.00","EGP 1,754.00",24%,Official Store
OPPO Reno5 5G - 6.4-inch 128GB/8GB Dual Sim Mobile Phone - STARRY Black,"EGP 6,899.00","EGP 7,499.00",8%,"1 out of 5
(1)"
Vivo Y33s-6.58 Inches-4GB RAM/128GB ROM-Mirror Black,"EGP 3,588.00","EGP 3,888.00",8%,
OPPO Reno5 5G - 6.4-inch 128GB/8GB Dual Sim Mobile Phone - STARRY Black,"EGP 6,899.00","EGP 7,499.00",8%,"1 out of 5
(1)"
Nokia C3 - ãæÈÇíá ËäÇÆí ÇáÔÑíÍÉ 5.99 ÈæÕÉ - 16 ÌíÌÇ/2 ÌíÌÇ - ËäÇÆí ÇáÔÑíÍÉ - ÃÒÑÞ,"EGP 1,335.00","EGP 1,754.00",24%,Official Store
TCL 10 SE - 6.52 Inch Dual SIM 4G 128GB/4GB Mobile Phone - Polar Night,"EGP 2,666.00","EGP 2,830.00",6%,"5 out of 5
(1)"
Vivo Y12s - 6.51-inch 32GB/2GB Dual SIM Mobile Phone - Glacier Blue,"EGP 2,499.00",,,
OPPO Reno6 5G - 6.4-inch 128GB/8GB Dual SIM Mobile Phone - Aurora,"EGP 9,100.00","EGP 9,690.00",6%,"5 out of 5
(1)"
Samsung Galaxy A52s- 6.5-inch 128GB/8GB Dual Sim 5G Mobile Phone - Awesome Mint,"EGP 7,111.00","EGP 7,777.00",9%,"4 out of 5
(1)"
Metal Charging Safety Fast Data Cable For Android Mobiles - Micro Usb (silver),EGP 49.00,,,
TCL 10 SE - 6.52 Inch Dual SIM 4G 128GB/4GB Mobile Phone - Polar Night,"EGP 2,999.00",,,"3 out of 5
(1)"
Infinix Hot 10S - 6.8-inch 64GB/4GB Dual SIM Mobile Phone - Heart Ocean,"EGP 2,666.00","EGP 3,099.00",14%,
OPPO A15 - 6.52-inch 32GB/3GB Dual SIM 4G Mobile Phone - Fancy White,"EGP 2,799.00",,,"4.5 out of 5
(2)"
Samsung Galaxy A02s - 6.5-inch 64GB/4GB Dual SIM Mobile Phone - Red,"EGP 2,777.00",,,"4.8 out of 5
(5)"
Samsung Galaxy A72 - 6.7-inch 128GB/8GB Dual Sim 4G Mobile Phone - Awesome Violet,"EGP 7,666.00","EGP 7,999.00",4%,"4.4 out of 5
(8)"
realme C21 Y - 6.5-inch 64GB/4GB Dual SIM 4G Mobile Phone - Cross Black,"EGP 2,590.00","EGP 2,800.00",8%,
OPPO Reno5 5G - 6.4-inch 128GB/8GB Dual Sim Mobile Phone - STARRY Black,"EGP 6,890.00","EGP 7,600.00",9%,"5 out of 5
(1)"
Vivo Y53s -6.58 Inches - 8GB RAM/128GB ROM -  Deep Sea Blue,"EGP 4,390.00",,,"5 out of 5
(1)"
Huawei nova 7 5G - 6.53-inch 256GB/8GB Mobile Phone - Black,"EGP 6,899.00","EGP 8,999.00",23%,"5 out of 5
(1)"
XIAOMI Redmi 9T - 6.53-inch 128GB/4GB Dual SIM Mobile Phone - Ocean Green,"EGP 3,599.00","EGP 3,999.00",10%,
Samsung Galaxy A02 - 6.5-inch 32GB/3GB Dual SIM 4G Mobile Phone - Red,"EGP 2,300.00","EGP 2,500.00",8%,"5 out of 5
(1)"
Samsung Galaxy A03s - 6.5-inch 64GB/4GB Dual Sim 4G Mobile Phone - Blue,"EGP 2,700.00","EGP 3,000.00",10%,
Samsung Galaxy Note20 Ultra - 6.9-inch 256GB/8GB Dual SIM 4G Mobile Phone - Mystic Black,"EGP 18,499.00","EGP 18,999.00",3%,"4.7 out of 5
(3)"
Samsung Galaxy A12 - 6.5-inch 64GB/4GB Dual SIM Mobile Phone - White,"EGP 2,799.00","EGP 3,080.00",9%,
OPPO A55 - 6.51-inch 128GB/4GB Dual SIM 4G Mobile Phone - Rainbow Blue,"EGP 4,090.00","EGP 4,500.00",9%,
Vivo Y21 - 6.5 Inches - 4GB RAM/64GB ROM - Metallic Blue,"EGP 3,125.00","EGP 3,499.00",11%,"4 out of 5
(1)"
"Vivo Y1s Dual SIM Mobile Phone, 6.22 Inch, 2 GB RAM, 32 GB , 4G LTE - Olive Black","EGP 1,848.00","EGP 2,500.00",26%,
Samsung Galaxy M12 - 6.5-inch 128GB/4GB Dual Sim 4G Mobile Phone - Black,"EGP 3,199.00","EGP 3,520.00",9%,
XIAOMI Redmi Note 10S - 6.43-inch 128GB/8GB Dual Sim 4G Mobile Phone - Ocean Blue,"EGP 5,199.00","EGP 5,999.00",13%,"5 out of 5
(1)"
Samsung Galaxy A72 - 6.7-inch 256GB/8GB Dual Sim 4G Mobile Phone - Awesome Violet,"EGP 8,299.00","EGP 8,888.00",7%,"4.3 out of 5
(7)"
Samsung Galaxy A52s- 6.5-inch 128GB/8GB Dual Sim 5G Mobile Phone - Awesome Mint,"EGP 7,075.00","EGP 7,999.00",12%,"5 out of 5
(2)"
XIAOMI 11 Lite - 6.55-inch 256GB/8GB Dual SIM 5G Mobile Phone - Snowflake White,"EGP 7,250.00","EGP 7,500.00",3%,Eligible for Free Shipping
"Vivo Y1s Dual SIM Mobile Phone, 6.22 Inch, 2 GB RAM, 32 GB , 4G LTE - Olive Black","EGP 1,888.00","EGP 1,999.00",6%,
Honor 9C - 6.39-inch 64GB/4GB Dual Sim 4G Mobile Phone - Midnight Black,"EGP 2,650.00","EGP 3,000.00",12%,
OPPO A54 - 6.51-inch 64GB/4GB Dual SIM 4G Mobile Phone - Starry Blue + FREE SKIN,"EGP 3,330.00","EGP 3,420.00",3%,
OPPO Reno6 5G - 6.4-inch 128GB/8GB Dual SIM Mobile Phone -Stellar  Black,"EGP 8,990.00",,,Official Store
Vivo V21e - 6.44 Inches - 8GB RAM/128GB ROM - Black,"EGP 5,290.00","EGP 5,820.00",9%,"2 out of 5
(1)"
Samsung Galaxy A12 - 6.5-inch 64GB/4GB Dual SIM Mobile Phone - Black,"EGP 3,012.00","EGP 3,100.00",3%,
ZTE REDMAGIC 5G 128GB 12GB RAM BLACK,"EGP 14,999.00",,,
Samsung Galaxy A03s - 6.5-inch 64GB/4GB Dual Sim 4G Mobile Phone - Blue,"EGP 2,699.00","EGP 2,970.00",9%,
Samsung Galaxy M12 - 6.5-inch 64GB/4GB Dual Sim 4G Mobile Phone – Light Blue,"EGP 2,799.00","EGP 3,080.00",9%,"4 out of 5
(1)"
Vivo V21 - 6.44-inch - 8GB RAM/128GB - Sunset Dazzle,"EGP 6,100.00","EGP 6,200.00",2%,"4 out of 5
(1)"
OPPO A55 - 6.51-inch 64GB/4GB Dual SIM 4G Mobile Phone - Starry Black,"EGP 3,633.00","EGP 3,999.00",9%,
Samsung Galaxy A12 - 6.5-inch 128GB/4GB Dual SIM Mobile Phone - Blue,"EGP 3,126.00","EGP 3,199.00",2%,"3 out of 5
(2)"
Itel A16 Plus - 5.0-inch 8GB/1GB Dual SIM - Black+Free Mobile Holder,EGP 799.00,EGP 977.00,18%,
XIAOMI Redmi 9A - 6.53-inch 32GB/2GB Dual SIM Mobile Phone - Ocean Green,"EGP 1,999.00","EGP 2,238.00",11%,"4 out of 5
(3)"
realme 8  - 6.4-inch 128GB/8GB Dual SIM 4G Mobile Phone - Cyber Silver,"EGP 4,644.00","EGP 5,199.00",11%,"3 out of 5
(1)"
OPPO A54 - 6.51-inch 64GB/4GB Dual SIM 4G Mobile Phone - Crystal Black + FREE SKIN,"EGP 3,330.00","EGP 3,420.00",3%,
Samsung Galaxy M12 - 6.5-inch 128GB/4GB Dual Sim 4G Mobile Phone - Black,"EGP 3,330.00",,,
OPPO A74 - 6.43-inch 128GB/6GB Dual SIM 4G Mobile Phone - Prism Black,"EGP 4,777.00","EGP 4,999.00",4%,"5 out of 5
(1)"
OPPO A74 - 6.43-inch 128GB/6GB Dual SIM 4G Mobile Phone - Prism Black,"EGP 4,777.00","EGP 4,999.00",4%,"5 out of 5
(1)"
Samsung Galaxy M12 - 6.5-inch 128GB/4GB Dual Sim 4G Mobile Phone - Black,"EGP 3,330.00",,,
OPPO A54 - 6.51-inch 64GB/4GB Dual SIM 4G Mobile Phone - Crystal Black + FREE SKIN,"EGP 3,330.00","EGP 3,420.00",3%,
realme 8  - 6.4-inch 128GB/8GB Dual SIM 4G Mobile Phone - Cyber Silver,"EGP 4,644.00","EGP 5,199.00",11%,"3 out of 5
(1)"
XIAOMI Redmi 9A - 6.53-inch 32GB/2GB Dual SIM Mobile Phone - Ocean Green,"EGP 1,999.00","EGP 2,238.00",11%,"4 out of 5
(3)"
Itel A16 Plus - 5.0-inch 8GB/1GB Dual SIM - Black+Free Mobile Holder,EGP 799.00,EGP 977.00,18%,
Samsung Galaxy A12 - 6.5-inch 128GB/4GB Dual SIM Mobile Phone - Blue,"EGP 3,126.00","EGP 3,199.00",2%,"3 out of 5
(2)"
OPPO A55 - 6.51-inch 64GB/4GB Dual SIM 4G Mobile Phone - Starry Black,"EGP 3,633.00","EGP 3,999.00",9%,
OPPO A74 - 6.44-inch 128GB/6GB Dual SIM 4G Mobile Phone - Midnight Blue,"EGP 4,593.00","EGP 4,999.00",8%,"4.8 out of 5
(10)"
Samsung Galaxy A03s - 6.5-inch 64GB/4GB Dual Sim 4G Mobile Phone - White,"EGP 2,888.00",,,
XIAOMI Redmi 10 - 6.5-inch 64GB/4GB Dual SIM Mobile Phone - Carbon Gray,"EGP 3,199.00","EGP 3,499.00",9%,
Samsung Galaxy A52s- 6.5-inch 256GB /8GB Dual Sim 5G Mobile Phone - Awesome Mint,"EGP 7,955.00","EGP 8,555.00",7%,"5 out of 5
(1)"
XIAOMI Poco X3 GT – 6.6-inch 256GB/8GB Dual Sim 4G Mobile Phone – Stargaze Black,"EGP 6,160.00","EGP 6,777.00",9%,"5 out of 5
(1)"
"OPPO A94 Dual SIM Mobile Phone - 6.43 Inches, 4G LTE - Fantastic Purple","EGP 5,225.00","EGP 5,900.00",11%,"5 out of 5
(2)"
XIAOMI Redmi 9T - 6.53-inch 128GB/4GB Dual SIM Mobile Phone - Carbon Gray,"EGP 3,299.00",,,
realme C21 Y - 6.5-inch 64GB/4GB Dual SIM 4G Mobile Phone - Cross Black,"EGP 2,569.00","EGP 2,666.00",4%,
Samsung Galaxy Z Flip3 - 6.7-inch 256GB/8GB Dual Sim 5G Mobile Phone - BLACK,"EGP 16,611.00","EGP 20,000.00",17%,
Huawei Y5p - 5.45-inch 32GB/2GB 4G Mobile Phone - Midnight Black,"EGP 1,900.00","EGP 3,000.00",37%,"4 out of 5
(6)"
realme C11(2021)- 6.5-inch 32GB/2GB Dual SIM 4G Mobile Phone - Lake Blue,"EGP 1,999.00","EGP 2,221.00",10%,"4 out of 5
(1)"
Huawei Y8p - 6.3-inch 128GB/6GB 4G Mobile Phone - Breathing Crystal,"EGP 3,999.00","EGP 4,599.00",13%,"4.2 out of 5
(62)"
OPPO Reno6 5G - 6.4-inch 128GB/8GB Dual SIM Mobile Phone - Aurora,"EGP 9,550.00","EGP 9,700.00",2%,
OPPO A74 - 6.44-inch 128GB/6GB Dual SIM 4G Mobile Phone - Prism Black,"EGP 4,650.00",,,
Vivo Y33s - 6.58 Inches - 4GB RAM/128GB ROM - Midday Dream,"EGP 3,588.00","EGP 3,888.00",8%,
XIAOMI Redmi Note 10S - 6.43-inch 64GB/6GB Dual Sim 4G Mobile Phone - Pebble White,"EGP 4,299.00","EGP 4,999.00",14%,
OPPO A74 – 6.4-inch 128GB/6GB Dual SIM 4G Mobile Phone – Prism Black,"EGP 4,593.00","EGP 4,790.00",4%,
Vivo V21e - 6.44 Inches - 8GB RAM/128GB ROM Mobile Phone - Diamond Flare,"EGP 5,220.00","EGP 5,500.00",5%,
Samsung Galaxy M12 - 6.5-inch 64GB/4GB Dual Sim 4G Mobile Phone - Green,"EGP 2,777.00","EGP 2,999.00",7%,"5 out of 5
(1)"
Samsung Galaxy A52s- 6.5-inch 256GB /8GB Dual Sim 5G Mobile Phone - Awesome Purple,"EGP 8,650.00","EGP 9,999.00",13%,
"Vivo Y12s Dual SIM Mobile Phone, 6.51 Inch, 3 GB RAM, 32 GB , 4G LTE - Phantom Black","EGP 2,499.00",,,
Samsung Galaxy A12 - 6.5-inch 64GB/4GB Dual SIM Mobile Phone - Blue,"EGP 2,799.00","EGP 3,080.00",9%,
realme C21Y- 6.5-inch 64GB/4GB Dual SIM 4G Mobile Phone - Cross Black,"EGP 2,650.00","EGP 3,000.00",12%,
OPPO Reno3 Pro - 6.4-inch 256GB/8GB Mobile Phone - Midnight Black,"EGP 6,999.00","EGP 7,999.00",13%,"5 out of 5
(1)"
XIAOMI Redmi 10 - 6.5-inch 128GB/6GB Dual SIM Mobile Phone - Carbon Gray,"EGP 3,888.00","EGP 3,999.00",3%,
OPPO A55 - 6.51-inch 64GB/4GB Dual SIM 4G Mobile Phone - Starry Black,"EGP 3,599.00","EGP 3,999.00",10%,
XIAOMI Redmi Note 10 Pro - 6.67-inch 64GB/6GB Dual SIM Mobile Phone-Glacier Blue,"EGP 5,299.00","EGP 5,899.00",10%,"5 out of 5
(2)"
OPPO A55 Dual SIM Mobile Phone 4GB Ram - 128GB - Starry Black,"EGP 3,960.00","EGP 4,090.00",3%,
Itel A56 5.99 Inch - Dual SIM - 4000MAH -16GB/1GB Ram - Graduation  Blue,"EGP 1,190.00",,,
Samsung Galaxy Z Flip3 - 6.7-inch 256GB/8GB Dual Sim 5G Mobile Phone - Green,"EGP 16,333.00","EGP 20,000.00",18%,
"Vivo Y1s Dual SIM Mobile Phone, 6.22 Inch, 2 GB RAM, 32 GB , 4G LTE - Aurora Blue","EGP 2,000.00",,,
realme C25 S - 6.5-inch 64GB/4GB Dual SIM Mobile Phone - Water Blue,"EGP 2,923.00","EGP 3,999.00",27%,
XIAOMI Redmi 9T - 6.53-inch 128GB/6GB Dual SIM Mobile Phone - Sunrise Orange,"EGP 4,099.00","EGP 4,499.00",9%,
"OPPO A94 Dual SIM Mobile Phone - 6.43 Inches, 4G LTE - Fantastic Purple+ FREE SKIN","EGP 5,250.00","EGP 5,900.00",11%,"4 out of 5
(1)"
Samsung Galaxy A03s - 6.5-inch 64GB/4GB Dual Sim 4G Mobile Phone - Blue,"EGP 2,649.00","EGP 2,799.00",5%,"5 out of 5
(1)"
Infinix Hot 11s - 6.7-inch 128GB/4GB Dual SIM Mobile Phone - Polar Black,"EGP 3,033.00","EGP 3,099.00",2%,"5 out of 5
(1)"
Samsung Galaxy A03s - 6.5-inch 64GB/4GB Dual Sim 4G Mobile Phone - White,"EGP 2,700.00","EGP 3,000.00",10%,
Samsung Galaxy A03s - 6.5-inch 64GB/4GB Dual Sim 4G Mobile Phone - Black,"EGP 2,855.00","EGP 3,300.00",13%,"5 out of 5
(1)"
XIAOMI Redmi 10 - 6.5-inch 128GB/6GB Dual SIM Mobile Phone - Sea Blue,"EGP 3,999.00","EGP 4,499.00",11%,
Samsung Galaxy Z Fold 3 256GB 12GB RAM 5G  - Phantom Silver,"EGP 32,000.00","EGP 34,000.00",6%,"5 out of 5
(1)"
Samsung Galaxy Z Fold 3 256GB 12GB RAM 5G  - Phantom Silver,"EGP 32,000.00","EGP 34,000.00",6%,"5 out of 5
(1)"
XIAOMI Redmi 10 - 6.5-inch 128GB/6GB Dual SIM Mobile Phone - Sea Blue,"EGP 3,999.00","EGP 4,499.00",11%,
Samsung Galaxy A03s - 6.5-inch 64GB/4GB Dual Sim 4G Mobile Phone - Black,"EGP 2,855.00","EGP 3,300.00",13%,"5 out of 5
(1)"
Samsung Galaxy A03s - 6.5-inch 64GB/4GB Dual Sim 4G Mobile Phone - White,"EGP 2,700.00","EGP 3,000.00",10%,
Infinix Hot 11s - 6.7-inch 128GB/4GB Dual SIM Mobile Phone - Polar Black,"EGP 3,033.00","EGP 3,099.00",2%,"5 out of 5
(1)"
Samsung Galaxy A03s - 6.5-inch 64GB/4GB Dual Sim 4G Mobile Phone - Blue,"EGP 2,649.00","EGP 2,799.00",5%,"5 out of 5
(1)"
"OPPO A94 Dual SIM Mobile Phone - 6.43 Inches, 4G LTE - Fantastic Purple+ FREE SKIN","EGP 5,250.00","EGP 5,900.00",11%,"4 out of 5
(1)"
XIAOMI Redmi 9T - 6.53-inch 128GB/6GB Dual SIM Mobile Phone - Sunrise Orange,"EGP 4,099.00","EGP 4,499.00",9%,
XIAOMI Poco F3 - 6.67-inch 128GB/6GB 5G Dual SIM Mobile Phone - Deep Ocean Blue,"EGP 6,333.00","EGP 6,444.00",2%,"5 out of 5
(1)"
Samsung Galaxy Note20 Ultra - 6.9-inch 256GB/8GB Dual SIM 4G Mobile Phone - Mystic Black,"EGP 18,800.00","EGP 22,499.00",16%,"4.7 out of 5
(3)"
Samsung Galaxy A52s- 6.5-inch 256GB /8GB Dual Sim 5G Mobile Phone - Awesome Violet,"EGP 8,044.00","EGP 8,987.00",10%,"5 out of 5
(1)"
Samsung Galaxy A52s- 6.5-inch 128GB/8GB Dual Sim 5G Mobile Phone - Awesome Violet,"EGP 7,111.00","EGP 7,777.00",9%,
OPPO A55 - 6.51-inch 128GB/4GB Dual SIM 4G Mobile Phone - Starry Black,"EGP 3,980.00","EGP 4,199.00",5%,"5 out of 5
(1)"
XIAOMI Redmi Note 10S - 6.43-inch 128GB/6GB Dual Sim 4G Mobile Phone - Pebble White,"EGP 4,799.00","EGP 4,999.00",4%,
realme C21 Y - 6.5-inch 64GB/4GB Dual SIM 4G Mobile Phone - Cross Blue,"EGP 2,569.00","EGP 2,666.00",4%,
XIAOMI Redmi 10 - 6.5-inch 128GB/4GB Dual SIM Mobile Phone - Carbon Gray,"EGP 3,749.00","EGP 3,999.00",6%,
OPPO A15 - 6.52-inch 32GB/3GB Dual SIM 4G Mobile Phone - Mystery Blue,"EGP 2,828.00","EGP 2,888.00",2%,"4.6 out of 5
(38)"
Alcatel 3L (2020) - 6.22-inch 64GB/4GB Dual SIM 4G Mobile Phone - CHAMELEON BLUE,"EGP 2,500.00","EGP 3,000.00",17%,
OPPO A94 - 6.4-inch 128GB/8GB Dual SIM 4G Mobile Phone - Fantastic Purple,"EGP 5,350.00","EGP 5,555.00",4%,"5 out of 5
(6)"
Nokia 5.4 - 6.39-inch 128GB/4GB Dual SIM Mobile Phone - Dusk Purple,"EGP 2,575.00","EGP 3,321.00",22%,Official Store
Samsung Galaxy Note20 Ultra - 6.9-inch 256GB/8GB Dual SIM 4G Mobile Phone - Mystic Bronze,"EGP 18,999.00","EGP 22,499.00",16%,"5 out of 5
(1)"
OPPO A55 4GB Ram - 64GB - Rainbow Blue,"EGP 3,635.00","EGP 3,790.00",4%,
XIAOMI Poco F3 - 6.67-inch 128GB/6GB 5G Dual SIM Mobile Phone - Deep Ocean Blue,"EGP 6,400.00","EGP 6,500.00",2%,
realme C25 S - 6.5-inch 64GB/4GB Dual SIM Mobile Phone - Water Blue,"EGP 2,999.00","EGP 3,300.00",9%,
XIAOMI Redmi 10 - 6.5-inch 128GB/6GB Dual SIM Mobile Phone - Carbon Gray,"EGP 3,999.00","EGP 4,999.00",20%,
Samsung Galaxy M12 - 6.5-inch 128GB/4GB Dual Sim 4G Mobile Phone – Light Blue,"EGP 3,199.00","EGP 3,520.00",9%,
XIAOMI Redmi 10 - 6.5-inch 128GB/4GB Dual SIM Mobile Phone - Pebble White,"EGP 3,599.00","EGP 4,999.00",28%,
Samsung Galaxy A52s- 6.5-inch 256GB /8GB Dual Sim 5G Mobile Phone - Awesome Mint,"EGP 8,060.00","EGP 8,987.00",10%,
Redmi 9A - 6.53-inch 32GB/2G Dual Sim 4G Mobile Phone - Granite Grey,"EGP 1,999.00",,,
Samsung Galaxy A02 - 6.5-inch 32GB/3GB Dual SIM 4G Mobile Phone - Red,"EGP 2,299.00","EGP 2,530.00",9%,"4.5 out of 5
(4)"
Samsung Galaxy A22- 6.4-inch 64GB/4GB Dual SIM Mobile Phone -Black,"EGP 3,630.00","EGP 4,000.00",9%,
Itel A16 Plus - 5.0-inch 8GB/1GB Dual SIM- Gold+ Free Mobile Holder,EGP 799.00,EGP 950.00,16%,
XIAOMI Poco X3 Pro - 8GB RAM - 256GB - Frost Blue,"EGP 5,549.00","EGP 6,214.00",11%,"1 out of 5
(1)"
Redmi 9A - 6.53-inch 32GB/2G Dual Sim 4G Mobile Phone - Granite Grey,"EGP 2,029.00","EGP 2,500.00",19%,"4 out of 5
(1)"
Samsung Galaxy Z Fold 3 256GB 12GB RAM 5G  BLACK,"EGP 32,000.00","EGP 33,200.00",4%,
OPPO A94 Dual SIM Mobile Phone - 6.43 Inches - 128GB/8GB - Fluid Black + FREE SKIN,"EGP 5,225.00","EGP 5,900.00",11%,"5 out of 5
(1)"
Samsung Galaxy A52s- 6.5-inch 128GB/8GB Dual Sim 5G Mobile Phone - Awesome White,"EGP 7,200.00","EGP 7,999.00",10%,
XIAOMI Redmi Note 10S - 6.43-inch 128GB/6GB Dual Sim 4G Mobile Phone - Onyx Gray,"EGP 4,799.00","EGP 4,999.00",4%,
XIAOMI Redmi Note 10S - 6.43-inch 128GB/8GB Dual Sim 4G Mobile Phone - Pebble White,"EGP 5,199.00","EGP 5,555.00",6%,"5 out of 5
(1)"
"Huawei Honor 6X Dual SIM - 32 GB, 3GB RAM, 4G LTE, WiFi, Gold","EGP 2,666.00","EGP 3,365.00",21%,
Samsung Galaxy Z Flip3 - 6.7-inch 256GB/8GB Dual Sim 5G Mobile Phone - Lavender + Leather Cover,"EGP 14,958.00","EGP 17,999.00",17%,Official Store
Honor 8C - 6.26-inch 32GB/3GB Dual SIM Mobile Phone - Blue,"EGP 3,999.00",,,"4.7 out of 5
(13)"
Samsung Galaxy S21 Ultra - 6.8-inch 256GB/12GB Dual SIM 5G Mobile Phone - Phantom Silver,"EGP 22,210.00","EGP 25,999.00",15%,
Nokia 5.3 - 6.55-inch 64GB/4GB Dual SIM 4G Mobile Phone - Sand,"EGP 2,357.00","EGP 3,025.00",22%,Official Store
XIAOMI Poco F3 - 6.67-inch 256GB/8GB 5G Dual SIM Mobile Phone - Night Black,"EGP 7,290.00","EGP 7,999.00",9%,
XIAOMI Redmi 9A - 6.53-inch 32GB/2GB Dual SIM Mobile Phone - Ocean Green,"EGP 2,299.00","EGP 2,499.00",8%,"5 out of 5
(1)"
Samsung Galaxy A52s- 6.5-inch 128GB/8GB Dual Sim 5G Mobile Phone - Awesome Violet,"EGP 7,200.00","EGP 7,999.00",10%,"5 out of 5
(1)"
"OPPO Reno 6 6.4 Inches 128GB/8GB Dual SIM 4G Mobile Phone - Aurora,","EGP 6,700.00",,,"4.2 out of 5
(5)"
"OPPO Reno 6 6.4 Inches 128GB/8GB Dual SIM 4G Mobile Phone - Aurora,","EGP 6,700.00",,,"4.2 out of 5
(5)"
Samsung Galaxy A52s- 6.5-inch 128GB/8GB Dual Sim 5G Mobile Phone - Awesome Violet,"EGP 7,200.00","EGP 7,999.00",10%,"5 out of 5
(1)"
XIAOMI Redmi 9A - 6.53-inch 32GB/2GB Dual SIM Mobile Phone - Ocean Green,"EGP 2,299.00","EGP 2,499.00",8%,"5 out of 5
(1)"
XIAOMI Poco F3 - 6.67-inch 256GB/8GB 5G Dual SIM Mobile Phone - Night Black,"EGP 7,290.00","EGP 7,999.00",9%,
Nokia 5.3 - 6.55-inch 64GB/4GB Dual SIM 4G Mobile Phone - Sand,"EGP 2,357.00","EGP 3,025.00",22%,Official Store
Samsung Galaxy S21 Ultra - 6.8-inch 256GB/12GB Dual SIM 5G Mobile Phone - Phantom Silver,"EGP 22,210.00","EGP 25,999.00",15%,
Honor 8C - 6.26-inch 32GB/3GB Dual SIM Mobile Phone - Blue,"EGP 3,999.00",,,"4.7 out of 5
(13)"
Samsung Galaxy Z Flip3 - 6.7-inch 256GB/8GB Dual Sim 5G Mobile Phone - Lavender + Leather Cover,"EGP 14,958.00","EGP 17,999.00",17%,Official Store
Samsung Galaxy S21 Ultra - 6.8-inch 256GB/12GB Dual SIM 5G Mobile Phone - Phantom Black,"EGP 22,900.00","EGP 24,000.00",5%,"3 out of 5
(3)"
Huawei nova 7 5G - 6.53-inch 256GB/8GB Mobile Phone - Space Silver,"EGP 6,899.00","EGP 8,999.00",23%,"5 out of 5
(1)"
One Plus 9 Pro 5G Smart Phone - Snap Dragon 888 -12 GB RAM - 256 GB Internal Memory - Black,"EGP 14,499.00","EGP 18,000.00",19%,
OPPO Reno6 5G - 6.4-inch 128GB/8GB Dual SIM Mobile Phone -Stellar Black,"EGP 9,690.00","EGP 10,660.00",9%,"4 out of 5
(1)"
Samsung Galaxy Z Fold3 - 7.8-inch 256GB/12GB Dual SIM 5G Mobile Phone - Phantom Silver,"EGP 29,999.00","EGP 33,000.00",9%,Eligible for Free Shipping
Samsung Galaxy A12 - 6.5-inch 64GB/4GB Dual SIM Mobile Phone - Black,"EGP 2,940.00",,,
Samsung Galaxy Z Flip3 - 6.7-inch 256GB/8GB Dual Sim 5G Mobile Phone - CREAM,"EGP 16,111.00","EGP 18,500.00",13%,
realme 8 - 6.5 -inch 128GB/6GB Dual SIM 5G Mobile Phone - Supersonic Blue,"EGP 4,290.00","EGP 4,804.00",11%,"5 out of 5
(1)"
Honor 50 5G - 8GB RAM - 256GB - Midnight Black,"EGP 9,829.00","EGP 10,820.00",9%,
XIAOMI Redmi Note 8 (2021) - 6.3-inch 128GB/4GB Mobile Phone - Neptune Blue,"EGP 3,699.00","EGP 3,999.00",8%,
Vivo V21 - 6.44-inch - 8GB RAM/128GB - Sunset Dazzle,"EGP 6,560.00","EGP 6,800.00",4%,
"XIAOMI 11 Lite 5G NE Dual SIM - 6.55 Inches, 128GB ,8 GB RAM, 5G, Bubblegum Blue","EGP 7,070.00",,,
XIAOMI Poco M3 - 6.53-inch 128GB/4GB Dual SIM Mobile Phone - Cool Blue,"EGP 3,699.00","EGP 4,199.00",12%,"4.3 out of 5
(63)"
Infinix X652A S5 - 6.6-inch 128GB/6GB Dual SIM Mobile Phone - Nebula Black,"EGP 2,999.00",,,"4 out of 5
(8)"
XIAOMI Redmi Note 10S - 6.43-inch 128GB/8GB Dual Sim 4G Mobile Phone - Onyx Gray,"EGP 4,800.00","EGP 5,000.00",4%,
Samsung Galaxy Z Flip3 - 6.7-inch 256GB/8GB Dual Sim 5G Mobile Phone - Phantom Black,"EGP 17,200.00","EGP 18,000.00",4%,
Samsung Galaxy A03s - 6.5-inch 64GB/4GB Dual Sim 4G Mobile Phone - Black,"EGP 2,700.00","EGP 2,900.00",7%,
XIAOMI Poco X3 Pro - 6.67-inch 256GB/8GB Dual Sim Mobile Phone - Phantom Black,"EGP 5,549.00","EGP 6,214.00",11%,
OPPO A55 4GB Ram - 64GB - Rainbow Blue,"EGP 3,790.00","EGP 3,900.00",3%,
XIAOMI Poco X3 Pro - 6.67-inch 256GB/8GB Dual Sim Mobile Phone - Frost Blue,"EGP 5,550.00",,,
Alcatel 3L (2020) - 6.22-inch 64GB/4GB Dual SIM 4G Mobile Phone - Dark Chrome,"EGP 2,500.00","EGP 3,000.00",17%,"5 out of 5
(1)"
OPPO A74 - 6.43-inch 128GB/6GB Dual SIM 4G Mobile Phone - Midnight Blue,"EGP 4,777.00","EGP 4,999.00",4%,"5 out of 5
(1)"
Infinix Hot 10S -6.8-inch 128GB/4GB Dual SIM Mobile Phone -Purple,"EGP 2,799.00","EGP 3,099.00",10%,
"Vivo Y1s Dual SIM Mobile Phone, 6.22 Inch, 2 GB RAM, 32 GB , 4G LTE - Aurora Blue","EGP 1,849.00",,,"5 out of 5
(1)"
"Vivo Y1s Dual SIM Mobile Phone, 6.22 Inch, 2 GB RAM, 32 GB , 4G LTE - Olive Black","EGP 1,850.00","EGP 1,999.00",7%,
Vivo V21e - 6.44 Inches - 8GB RAM/128GB ROM Mobile Phone - Black,"EGP 4,990.00",,,
XIAOMI Redmi 10 - 6.5-inch 128GB/4GB Dual SIM Mobile Phone - Sea Blue,"EGP 3,799.00","EGP 3,999.00",5%,
Samsung Galaxy Z Flip3 - 6.7-inch 256GB/8GB Dual Sim 5G Mobile Phone - Lavender,"EGP 19,222.00",,,
XIAOMI Redmi Note 10S - 6.43-inch 128GB/6GB Dual Sim 4G Mobile Phone - Pebble White,"EGP 4,400.00","EGP 4,500.00",2%,
OPPO A55 - 6.51-inch 64GB/4GB Dual SIM 4G Mobile Phone - Rainbow Blue,"EGP 3,599.00","EGP 3,999.00",10%,
XIAOMI Redmi 10 - 6.5-inch 64GB/4GB Dual SIM Mobile Phone - Pebble White,"EGP 3,399.00","EGP 3,999.00",15%,
"ZTE Blade S6 Plus - 5.5"" Dual SIM Smart Phone - Silver","EGP 2,149.00",,,
OPPO A55 - 6.51-inch 128GB/4GB Dual SIM 4G Mobile Phone - Starry Black,"EGP 4,090.00","EGP 4,500.00",9%,
Samsung Galaxy A03s - 6.5-inch 64GB/4GB Dual Sim 4G Mobile Phone - Blue,"EGP 2,955.00","EGP 3,300.00",10%,
realme C25 S - 6.5-inch 64GB/4GB Dual SIM Mobile Phone -Water Grey,"EGP 2,923.00","EGP 3,999.00",27%,
XIAOMI Redmi 10 - 6.5-inch 64GB/4GB Dual SIM Mobile Phone - Carbon Gray,"EGP 3,399.00","EGP 3,999.00",15%,
"Vivo Y12s Dual SIM  6.51 Inch, 3 GB RAM, 32 GB , 4G LTE -Phantom Black","EGP 2,484.00","EGP 3,000.00",17%,
Samsung Galaxy A03s - 6.5-inch 64GB/4GB Dual Sim 4G Mobile Phone - Black,"EGP 2,699.00","EGP 2,970.00",9%,
Redmi 9A - 6.53-inch 32GB/2G Dual Sim 4G Mobile Phone - Granite Grey,"EGP 1,999.00","EGP 2,238.00",11%,
Samsung Galaxy A22- 6.4-inch 64GB/4GB Dual SIM Mobile Phone - Violet,"EGP 3,677.00",,,
Samsung Galaxy A22- 6.4-inch 64GB/4GB Dual SIM Mobile Phone - Violet,"EGP 3,677.00",,,
Redmi 9A - 6.53-inch 32GB/2G Dual Sim 4G Mobile Phone - Granite Grey,"EGP 1,999.00","EGP 2,238.00",11%,
Samsung Galaxy A03s - 6.5-inch 64GB/4GB Dual Sim 4G Mobile Phone - Black,"EGP 2,699.00","EGP 2,970.00",9%,
"Vivo Y12s Dual SIM  6.51 Inch, 3 GB RAM, 32 GB , 4G LTE -Phantom Black","EGP 2,484.00","EGP 3,000.00",17%,
XIAOMI Redmi 10 - 6.5-inch 64GB/4GB Dual SIM Mobile Phone - Carbon Gray,"EGP 3,399.00","EGP 3,999.00",15%,
realme C25 S - 6.5-inch 64GB/4GB Dual SIM Mobile Phone -Water Grey,"EGP 2,923.00","EGP 3,999.00",27%,
Samsung Galaxy A03s - 6.5-inch 64GB/4GB Dual Sim 4G Mobile Phone - Blue,"EGP 2,955.00","EGP 3,300.00",10%,
OPPO A55 - 6.51-inch 128GB/4GB Dual SIM 4G Mobile Phone - Starry Black,"EGP 4,090.00","EGP 4,500.00",9%,
Samsung Galaxy A12 - 6.5-inch 64GB/4GB Dual SIM Mobile Phone - Black,"EGP 2,799.00","EGP 3,080.00",9%,"5 out of 5
(3)"
realme 8 - Dual SIM 5G Mobile Phone 6.5 -inch  128GB/6GB  - Supersonic Black,"EGP 4,290.00","EGP 4,804.00",11%,
XIAOMI Redmi 9C - 6.53-inch 64GB/3GB Dual SIM 4G Mobile Phone - Midnight Gray,"EGP 3,899.00",,,
XIAOMI Redmi Note 10S - 6.43-inch 128GB/6GB Dual Sim 4G Mobile Phone - Ocean Blue,"EGP 4,499.00","EGP 5,699.00",21%,
XIAOMI Redmi Note 10S - 6.43-inch 128GB/8GB Dual Sim 4G Mobile Phone - Onyx Gray,"EGP 5,099.00","EGP 5,555.00",8%,
Samsung Galaxy A52s- 6.5-inch 128GB/8GB Dual Sim 5G Mobile Phone - Awesome Black,"EGP 7,699.00","EGP 8,470.00",9%,
Samsung Galaxy A52s- 6.5-inch 128GB/8GB Dual Sim 5G Mobile Phone - Awesome Purple,"EGP 7,699.00","EGP 8,470.00",9%,
OPPO A55 4GB Ram - 64GB - Starry Black,"EGP 3,685.00","EGP 4,000.00",8%,
XIAOMI Redmi 10 - 6.5-inch 128GB/6GB Dual SIM Mobile Phone - Pebble White,"EGP 4,199.00","EGP 4,499.00",7%,
"Vivo Y1s Dual SIM Mobile Phone, 6.22 Inch, 2 GB RAM, 32 GB , 4G LTE - Aurora Blue","EGP 1,999.00","EGP 2,100.00",5%,
Samsung Galaxy A72 Dual SIM Awesome Blue 8GB RAM 256GB 4G LTE,"EGP 9,200.00",,,
Samsung Galaxy A03s - 6.5-inch 64GB/4GB Dual Sim 4G Mobile Phone - Black,"EGP 2,888.00",,,
Samsung Galaxy A03s - 6.5-inch 64GB/4GB Dual Sim 4G Mobile Phone - White,"EGP 2,649.00","EGP 2,799.00",5%,
"Samsung Galaxy A5 (2017) - 5.2"" Dual SIM 4G Mobile Phone - Black Sky","EGP 5,150.00",,,
realme 8  - 6.4-inch 128GB/8GB Dual SIM 4G Mobile Phone - Cyber Silver,"EGP 4,750.00",,,"5 out of 5
(1)"
OPPO A55 - 6.51-inch 64GB/4GB Dual SIM 4G Mobile Phone - Starry Black,"EGP 3,790.00","EGP 3,900.00",3%,
XIAOMI Poco X3 GT – 6.6-inch 256GB/8GB Dual Sim 4G Mobile Phone – Stargaze Black,"EGP 6,599.00",,,
Vivo V21e - 6.44 Inches - 8GB RAM/128GB ROM - Roman Black,"EGP 5,220.00","EGP 5,500.00",5%,
Samsung Galaxy A22- 6.4-inch 64GB/4GB Dual SIM Mobile Phone -Black,"EGP 3,677.00",,,
OPPO A55 - 6.51-inch 64GB/4GB Dual SIM 4G Mobile Phone - Starry Black,"EGP 3,749.00",,,
OPPO A55 4GB Ram - 64GB - Starry Black,"EGP 3,635.00","EGP 3,790.00",4%,
Samsung Galaxy M12 - 6.5-inch 128GB/4GB Dual Sim 4G Mobile Phone - Blue,"EGP 3,330.00",,,
Samsung Galaxy A12 - 6.5-inch 64GB/4GB Dual SIM Mobile Phone - White,"EGP 2,999.00","EGP 3,333.00",10%,
Redmi 9A - 6.53-inch 32GB/2G Dual Sim 4G Mobile Phone - Granite Grey,"EGP 2,299.00","EGP 2,499.00",8%,"1 out of 5
(1)"
XIAOMI Redmi Note 10S - 6.43-inch 128GB/8GB Dual Sim 4G Mobile Phone - Pebble White,"EGP 4,800.00","EGP 5,000.00",4%,
Samsung Galaxy A72 - 6.7-inch 128GB/8GB Dual SIM 4G Mobile Phone - Awesome Blue,"EGP 8,510.00",,,
realme 8  - 6.4-inch 128GB/8GB Dual SIM 4G Mobile Phone - Cyber Black,"EGP 4,669.00","EGP 4,700.00",1%,
Samsung Galaxy A12 - 6.5-inch 64GB/4GB Dual SIM Mobile Phone - Black,"EGP 2,999.00","EGP 3,333.00",10%,"5 out of 5
(2)"
Redmi 9A - 6.53-inch 32GB/2GB  Dual Sim 4G Mobile Phone - Granite Grey,"EGP 1,999.00",,,
XIAOMI Poco X3 NFC - 6.67-inch 128GB/6GB Mobile Phone - Shadow Gray,"EGP 4,999.00","EGP 5,399.00",7%,"4 out of 5
(1)"
XIAOMI Redmi Note 10S - 6.43-inch 128GB/6GB Dual Sim 4G Mobile Phone - Onyx Gray,"EGP 4,400.00","EGP 4,500.00",2%,
Iku C40i 3G - 4'' - 4 GB Rom Dual SIM Mobile Phone – Rose Gold,EGP 888.00,,,
Iku K5 - 2GB /16GB  Dual SIM Mobile Phone - Blue,"EGP 1,888.00",,,
Samsung Galaxy A22- 6.4-inch 64GB/4GB Dual SIM Mobile Phone -Mint,"EGP 3,677.00",,,
Samsung Galaxy A02 - 6.5-inch 32GB/3GB Dual SIM 4G Mobile Phone - Red,"EGP 2,360.00","EGP 2,699.00",13%,
Vivo Y33s - 4GB RAM - 128GB - Mirror Black,"EGP 3,800.00","EGP 3,900.00",3%,
Samsung Galaxy A03s - 6.5-inch 64GB/4GB Dual Sim 4G Mobile Phone - Blue,"EGP 2,888.00",,,
Samsung Galaxy A12 - 6.5-inch 64GB/4GB Dual SIM Mobile Phone - Black,"EGP 3,095.00",,,
Samsung Galaxy Z Flip3 - 6.7-inch 256GB/8GB Dual Sim 5G Mobile Phone - BLACK,"EGP 18,999.00","EGP 20,900.00",9%,
Samsung Galaxy A52s- 6.5-inch 128GB/8GB Dual Sim 5G Mobile Phone - Awesome White,"EGP 7,699.00","EGP 8,470.00",9%,
Samsung Galaxy A52s- 6.5-inch 128GB/8GB Dual Sim 5G Mobile Phone - Awesome White,"EGP 7,699.00","EGP 8,470.00",9%,
Samsung Galaxy Z Flip3 - 6.7-inch 256GB/8GB Dual Sim 5G Mobile Phone - BLACK,"EGP 18,999.00","EGP 20,900.00",9%,
Samsung Galaxy A12 - 6.5-inch 64GB/4GB Dual SIM Mobile Phone - Black,"EGP 3,095.00",,,
Samsung Galaxy A03s - 6.5-inch 64GB/4GB Dual Sim 4G Mobile Phone - Blue,"EGP 2,888.00",,,
Vivo Y33s - 4GB RAM - 128GB - Mirror Black,"EGP 3,800.00","EGP 3,900.00",3%,
Samsung Galaxy A02 - 6.5-inch 32GB/3GB Dual SIM 4G Mobile Phone - Red,"EGP 2,360.00","EGP 2,699.00",13%,
Samsung Galaxy A22- 6.4-inch 64GB/4GB Dual SIM Mobile Phone -Mint,"EGP 3,677.00",,,
Iku K5 - 2GB /16GB  Dual SIM Mobile Phone - Blue,"EGP 1,888.00",,,
OPPO A74 - 6.44-inch 128GB/6GB Dual SIM 4G Mobile Phone - Prism Black,"EGP 4,180.00",,,
realme C25s - 6.5-inch 64GB/4GB Dual SIM Mobile Phone - Water Blue,"EGP 3,200.00",,,
Samsung Galaxy A03s - 4GB RAM - 64GB - Blue   6.5 Inches Rear Camera: Triple: 13 MP + 2 MP + 2 MP - Blue,"EGP 2,790.00",,,
Hisense U962 - Dual SIM Smartphone 3G Mobile Phone - Grey,EGP 999.00,"EGP 1,290.00",23%,"3.3 out of 5
(4)"
"Htc Desire 816 - 5.5"" Dual SIM Mobile Phone - White","EGP 2,326.61",,,Other options:
Samsung Galaxy A52s- 6.5-inch 128GB/8GB Dual Sim 5G Mobile Phone - Awesome Mint,"EGP 7,699.00","EGP 8,470.00",9%,
CAT S61 Rugged Smartphone LTE - Black,"EGP 28,000.00",,,"5 out of 5
(1)"
Ulefone Armor 3WT  5.7 Inch 64GB/6 GB Smartphone - Black,"EGP 17,000.00","EGP 18,000.00",6%,"3 out of 5
(1)"
OPPO A55 - 6.51-inch 64GB/4GB Dual SIM 4G Mobile Phone - Rainbow Blue,"EGP 3,685.00","EGP 4,000.00",8%,
realme 7 Pro - 6.4-inch 128GB/8GB Dual SIM 4G Mobile Phone - Mirror Silver,"EGP 5,050.00",,,
Samsung Galaxy A12 - 6.5-inch 64GB/4GB Dual SIM Mobile Phone - White,"EGP 3,095.00",,,
Vivo Y33s - 6.58 Inches - 4GB RAM/128GB ROM - Midday Dream,"EGP 3,800.00","EGP 3,900.00",3%,
realme C25s - 6.5-inch 64GB/4GB Dual SIM Mobile Phone - Water Grey,"EGP 2,999.00",,,
Samsung Galaxy M12 - 6.5-inch 64GB/4GB Dual Sim 4G Mobile Phone - Black,"EGP 2,799.00","EGP 3,080.00",9%,
OPPO A55 - 6.51-inch 64GB/4GB Dual SIM 4G Mobile Phone - Rainbow Blue,"EGP 3,749.00",,,
Samsung Galaxy M12 - 6.5-inch 64GB/4GB Dual Sim 4G Mobile Phone - Green,"EGP 2,805.00","EGP 2,900.00",3%,
"CAT S60 Rugged Smartphone LTE, Black","EGP 13,500.00","EGP 15,000.00",10%,
"Vivo Y1s Dual SIM Mobile Phone, 6.22 Inch, 2 GB RAM, 32 GB , 4G LTE - Olive Black","EGP 1,999.00","EGP 2,100.00",5%,
realme 7 - 6.5-inch 128GB/8GB Dual SIM 4G Mobile Phone - White Knight,"EGP 4,390.00",,,
realme 7 Pro - 6.4-inch 128GB/8GB Dual SIM 4G Mobile Phone - Mirror Blue,"EGP 5,050.00",,,
"Vivo Y1s Dual SIM Mobile Phone, 6.22 Inch, 2 GB RAM, 32 GB , 4G LTE - Olive Black","EGP 1,849.00",,,
Vivo Y15s - 6.51 Inch 32GB/3GB Dual SIM 4G Mobile Phone -Mystic Blue,"EGP 2,555.00",,,
Vivo Y15s - 6.51 Inch 32GB/3GB Dual SIM 4G Mobile Phone -Wave Green,"EGP 2,498.00","EGP 2,999.00",17%,
Vivo Y15s - 6.51 Inch 32GB/3GB Dual SIM 4G Mobile Phone -Mystic Blue,"EGP 2,498.00","EGP 2,999.00",17%,
"XIAOMI Mi Note 10 Lite - 6.47-inch 128GB/8GB Dual SIM Mobile Phone - Midnight Black, …","EGP 5,999.00",,,
"OPPO A54 Dual SIM Mobile Phone - 6.51 Inch, 128 GB, 4 GB RAM, 4G LTE - Crystal Black","EGP 3,700.00","EGP 3,900.00",5%,"2.9 out of 5
(9)"
Samsung Galaxy A10s - 6.2-inch 32GB/2GB Dual SIM 4G Mobile Phone - Blue,"EGP 2,069.00","EGP 2,300.00",10%,"4 out of 5
(1)"
Tecno Y2 - 4.0-inch Dual SIM Mobile Phone - Black (Unlocked),EGP 171.00,,,"4 out of 5
(2)"
Honor 7S - 5.45-inch 16GB Dual SIM 4G Mobile Phone - Blue,"EGP 1,459.00","EGP 1,976.00",26%,"3.7 out of 5
(3)"
Honor 10 Lite - 6.21-inch 64GB Mobile Phone - Sky Blue + Band 4 Running - 0.49-inch Smart Band – Green,"EGP 2,679.00",,,
"Alcatel 3c - 6.0"" - 4G Dual SIM Mobile Phone - Metallic Blue","EGP 1,332.00","EGP 1,563.00",15%,"5 out of 5
(1)"
Honor 9X Lite - 6.5-inch 128GB/4GB Dual SIM Mobile Phone - Emerald Green + 10000mAh Power Bank,"EGP 2,888.00",,,"4.5 out of 5
(6)"
Samsung Galaxy M30s - 6.4-inch 64GB/4GB Dual SIM Mobile Phone - White,"EGP 3,444.00","EGP 3,499.00",2%,"4.5 out of 5
(195)"
Tecno Phantom 8 - 5.7-inch - 64GB Dual SIM 4G Mobile Phone - Champagne Gold,"EGP 1,979.00","EGP 2,641.00",25%,"4.7 out of 5
(13)"
Samsung Galaxy A6 (2018) - 5.6-inch Dual SIM 64GB Mobile Phone - Gold,"EGP 4,028.00",,,"4.7 out of 5
(6)"
"Samsung Galaxy J1 mini (2016) - 4"" Dual SIM Mobile Phone - Gold",EGP 799.00,EGP 999.00,20%,
Honor 9X Lite - 6.5-inch 128GB/4GB Dual SIM Mobile Phone - Midnight Black + 10000mAh Power Bank,"EGP 2,888.00",,,"5 out of 5
(2)"
Alcatel 1 (5033D) - 5.0-inch 8GB 4G Mobile Phone - Gold,EGP 699.00,,,"3.9 out of 5
(108)"
realme C3i - 6.5-inch 32GB/3GB Dual SIM Mobile Phone - Frozen Blue,"EGP 2,099.00",,,"4.8 out of 5
(53)"
Honor 8X - 6.5-inch 128GB Dual SIM 4G Mobile Phone - Blue,"EGP 3,759.00","EGP 5,111.00",26%,"2.5 out of 5
(2)"
Honor 8X - 6.5-inch 128GB Dual SIM 4G Mobile Phone - Blue,"EGP 3,759.00","EGP 5,111.00",26%,"2.5 out of 5
(2)"
realme C3i - 6.5-inch 32GB/3GB Dual SIM Mobile Phone - Frozen Blue,"EGP 2,099.00",,,"4.8 out of 5
(53)"
Alcatel 1 (5033D) - 5.0-inch 8GB 4G Mobile Phone - Gold,EGP 699.00,,,"3.9 out of 5
(108)"
Honor 9X Lite - 6.5-inch 128GB/4GB Dual SIM Mobile Phone - Midnight Black + 10000mAh Power Bank,"EGP 2,888.00",,,"5 out of 5
(2)"
"Samsung Galaxy J1 mini (2016) - 4"" Dual SIM Mobile Phone - Gold",EGP 799.00,EGP 999.00,20%,
Samsung Galaxy A6 (2018) - 5.6-inch Dual SIM 64GB Mobile Phone - Gold,"EGP 4,028.00",,,"4.7 out of 5
(6)"
Tecno Phantom 8 - 5.7-inch - 64GB Dual SIM 4G Mobile Phone - Champagne Gold,"EGP 1,979.00","EGP 2,641.00",25%,"4.7 out of 5
(13)"
Samsung Galaxy M30s - 6.4-inch 64GB/4GB Dual SIM Mobile Phone - White,"EGP 3,444.00","EGP 3,499.00",2%,"4.5 out of 5
(195)"
Honor 8X - 6.5-inch 64GB Dual SIM 4G Mobile Phone - Black,"EGP 3,419.00","EGP 4,636.00",26%,"4 out of 5
(1)"
Tecno Spark 2 (KA7) - 6.0-inch 16GB Dual SIM 3G Mobile Phone - Gold,"EGP 1,767.00",,,"3.7 out of 5
(7)"
Honor 7C - 5.99-inch 32GB/3GB Dual SIM Mobile Phone - Black,"EGP 2,379.00","EGP 3,230.00",26%,
Samsung Galaxy A6+ (2018) - 6.0-inch Dual SIM 64GB Mobile Phone - Black,"EGP 4,750.00",,,"3.3 out of 5
(3)"
realme C3i - 6.5-inch 32GB/3GB Dual SIM Mobile Phone - Blazing Red,"EGP 2,099.00",,,"4.8 out of 5
(27)"
Honor 10 Lite - 6.21-inch 64GB/3GB Mobile Phone - Sky Blue,"EGP 2,969.00","EGP 3,762.00",21%,"2.5 out of 5
(2)"
Honor 10 Lite - 6.21-inch 64GB/3GB Mobile Phone - Shiny Red,"EGP 2,879.00","EGP 3,762.00",23%,"4 out of 5
(1)"
"Alcatel Pop 4S - 5.5"" - 16GB - 4G Mobile Phone - Dark Grey","EGP 1,672.00",,,
"Iku Zeus Z55I - 5.5"" 16GB Mobile Phone - Grey + VR Headset","EGP 1,349.00",,,
"Samsung Galaxy Grand Prime Plus - 5.0"" - 4G Mobile Phone - Black","EGP 1,999.00",,,"4.3 out of 5
(386)"
Tecno Phantom 8 - 5.7-inch - 64GB Dual SIM 4G Mobile Phone - Phantom Black,"EGP 1,979.00","EGP 2,641.00",25%,"4.8 out of 5
(15)"
Tecno Phantom 8 - 5.7-inch - 64GB Dual SIM 4G Mobile Phone - Galaxy Blue,"EGP 4,180.00",,,"4.5 out of 5
(4)"
Tecno Camon CM - 5.7-inch - 32GB 4G Dual SIM Mobile Phone - Midnight Black,"EGP 2,090.00",,,"4.5 out of 5
(2)"
Tecno Camon CX - 5.5-inch 16GB/2GB Dual SIM 4G Mobile Phone - Champagne Gold,"EGP 3,078.00",,,"4.5 out of 5
(2)"
XIAOMI Poco X3 GT – 6.6-inch 256GB/8GB Dual Sim 4G Mobile Phone – Stargaze Black + Mi True Wireless Earphones 2 Basic,"EGP 6,149.00","EGP 6,800.00",10%,Official Store
XIAOMI Poco X3 GT – 6.6-inch 128GB/8GB Dual Sim 4G Mobile Phone – Wave Blue + Mi True Wireless Earphones 2 Basic,"EGP 6,049.00","EGP 6,800.00",11%,Official Store
XIAOMI Redmi 9A - 6.53-inch 32GB/2GB Dual SIM Mobile Phone - Sky Blue,"EGP 1,885.00",,,Official Store
XIAOMI Mi 9T - 6.39-inch 128GB/6GB Mobile Phone - Carbon Black,"EGP 5,969.00","EGP 6,980.00",14%,"4.9 out of 5
(10)"
XIAOMI Mi 9T - 6.39-inch 128GB/6GB Mobile Phone - Glacier Blue,"EGP 5,979.00","EGP 6,990.00",14%,"5 out of 5
(4)"
Huawei Y5 Lite 2018 - 5.0-inch 16GB 4G Mobile Phone - Black,"EGP 1,444.00","EGP 1,598.00",10%,"4.2 out of 5
(239)"
Samsung Galaxy J8 - 6.0-inch 64GB Dual SIM 4G Mobile Phone - Black,EGP 380.00,,,"5 out of 5
(2)"
XIAOMI Redmi Note 7 - 6.3-inch 128GB Dual SIM 4G Mobile Phone - Neptune Blue,"EGP 3,329.00","EGP 3,899.00",15%,"4.5 out of 5
(67)"
Huawei Y9 Prime 2019 - 6.59-inch 128GB Mobile Phone - Sapphire Blue + Gift Box,"EGP 3,399.00",,,"4.7 out of 5
(3)"
Huawei Y5 Lite 2018 - 5.0-inch 16GB 4G Mobile Phone - Blue,"EGP 1,444.00","EGP 1,598.00",10%,"4.8 out of 5
(61)"
Honor 9X - 6.59-inch 128GB/6GB Mobile Phone - Midnight Black + AM61 Sport Bluetooth Headphones,"EGP 4,333.00",,,"5 out of 5
(1)"
Samsung Galaxy J8 - 6.0-inch 64GB Dual SIM 4G Mobile Phone - Lavender,EGP 95.00,,,"5 out of 5
(1)"
Samsung Galaxy A6+ (2018) - 6.0-inch Dual SIM 64GB/4GB Mobile Phone - Blue,"EGP 3,499.00","EGP 7,999.00",56%,
"Nokia 3 - 5.0"" - 16GB Dual SIM 4G Mobile Phone - Matte Black","EGP 2,221.00",,,"4.3 out of 5
(3)"
OPPO Reno5 4G - 6.4-inch 128GB/8GB Dual SIM Mobile Phone - Fantasy Silver,"EGP 5,690.00","EGP 6,450.00",12%,Official Store
